,Alabama,Alaska,Arizona,Arkansas,California,Colorado,Connecticut,Delaware,District of Columbia,Florida,Georgia,Hawaii,Idaho,Illinois,Indiana,Iowa,Kansas,Kentucky,Louisiana,Maine,Maryland,Massachusetts,Michigan,Minnesota,Mississippi,Missouri,Montana,Nebraska,Nevada,New Hampshire,New Jersey,New Mexico,New York,New York City,North Carolina,North Dakota,Ohio,Oklahoma,Oregon,Pennsylvania,Puerto Rico,Rhode Island,South Carolina,South Dakota,Tennessee,Texas,Utah,Vermont,Virgin Islands,Virginia,Washington,West Virginia,Wisconsin,Wyoming
Oct-04-2008,1,1,1,6,1,1,1,1,0,1,1,1,1,1,1,1,1,1,1,1,1,1,1,1,1,1,1,1,1,1,1,1,1,1,1,1,1,1,1,1,0,1,1,1,1,1,1,1,0,1,1,1,1,1
Oct-11-2008,1,1,1,1,1,1,1,1,0,1,1,1,1,1,1,1,1,1,1,1,1,1,1,1,1,1,1,1,1,1,1,1,1,1,1,1,1,1,1,1,0,1,1,1,1,1,1,1,0,1,1,1,1,1
Oct-18-2008,1,1,1,1,1,1,1,1,0,1,1,1,1,1,1,1,1,1,1,1,1,1,1,1,1,1,1,1,1,1,1,1,1,1,1,1,1,1,1,1,0,1,1,1,1,1,1,1,0,1,1,1,1,1
Oct-25-2008,1,1,1,1,1,1,1,1,0,1,1,1,1,1,1,1,1,1,1,1,1,1,1,1,3,1,1,1,1,1,1,1,1,1,1,1,1,1,1,1,0,1,1,2,1,1,1,1,0,1,1,1,1,1
Nov-01-2008,3,1,1,1,1,1,1,1,0,1,1,1,1,1,1,1,1,1,1,1,1,1,1,1,2,1,1,1,1,1,1,1,1,1,1,1,1,1,1,1,0,1,1,4,1,1,1,1,0,1,1,1,1,1
Nov-08-2008,1,1,1,1,1,1,1,1,0,1,1,1,1,1,1,1,1,1,1,1,1,1,1,1,3,1,1,1,1,1,1,1,1,1,1,1,1,1,1,2,0,1,1,4,1,1,1,1,0,1,1,1,1,1
Nov-15-2008,2,1,1,1,1,1,1,1,0,1,2,1,1,1,1,1,1,1,1,1,1,1,1,1,4,1,1,1,1,1,1,1,1,1,1,1,1,1,1,1,0,1,1,1,1,1,1,1,0,1,1,2,1,1
Nov-22-2008,3,1,1,1,1,1,1,1,0,1,1,1,1,1,1,1,1,1,1,1,1,1,1,1,7,1,1,1,1,1,1,1,1,2,1,1,1,1,1,1,0,1,1,1,1,1,1,1,0,2,1,1,1,1
Nov-29-2008,4,1,1,2,1,1,1,1,0,1,3,1,1,1,1,1,1,1,1,1,2,1,1,1,6,1,1,1,1,1,1,1,1,3,1,1,1,1,1,1,0,1,1,1,1,1,1,1,0,3,1,1,1,1
Dec-06-2008,5,1,1,1,1,1,1,1,0,1,2,1,1,1,1,1,1,1,1,1,2,1,1,1,6,1,1,1,1,1,1,1,1,3,1,1,1,1,1,1,0,1,1,1,1,1,1,1,0,3,1,1,1,1
Dec-13-2008,4,1,1,1,1,1,1,1,0,1,2,1,1,1,1,1,1,1,0,1,2,1,1,1,7,1,1,1,1,1,1,1,1,3,1,1,1,1,1,1,0,1,1,1,1,1,1,1,0,3,1,1,1,1
Dec-20-2008,1,1,1,1,1,1,1,1,0,1,3,1,1,1,1,1,1,1,0,1,2,1,1,1,7,1,1,1,1,1,1,1,1,4,1,1,1,1,1,1,0,1,1,1,1,1,1,1,0,0,1,1,1,1
Dec-27-2008,1,1,1,1,1,1,1,1,0,1,5,1,1,1,1,1,1,1,0,1,4,1,1,1,9,1,1,1,2,1,1,1,1,4,1,2,1,1,1,1,0,1,1,2,1,3,1,1,0,4,1,1,1,1
Jan-03-2009,1,1,1,2,1,1,1,1,0,1,4,1,1,1,1,1,1,1,0,1,3,1,1,1,7,1,1,1,3,1,1,1,1,4,1,2,1,1,1,1,0,1,1,1,1,2,1,1,0,4,1,1,1,1
Jan-10-2009,1,1,1,1,1,1,1,1,0,1,2,1,1,1,1,1,1,1,1,1,1,1,1,1,4,1,1,1,2,1,1,1,1,3,1,1,1,1,1,1,0,1,1,1,1,1,1,1,0,3,1,1,1,1
Jan-17-2009,1,1,1,1,1,1,1,1,0,1,1,1,1,1,1,1,1,1,1,1,2,1,1,1,6,1,1,1,2,1,1,1,1,3,1,1,1,1,1,1,0,1,1,1,1,3,1,1,0,3,1,1,1,1
Jan-24-2009,4,1,1,1,1,1,1,1,0,1,2,1,1,1,1,1,1,1,3,1,1,1,1,1,8,1,1,1,2,1,1,1,1,4,1,1,1,1,2,1,0,1,1,1,1,5,1,1,0,4,1,1,1,1
Jan-31-2009,2,1,1,4,1,1,2,1,0,1,4,1,1,1,1,1,1,2,7,1,2,2,1,1,10,1,1,1,3,1,2,1,1,5,1,1,1,3,1,1,0,1,1,1,1,8,1,1,0,6,1,1,1,1
Feb-07-2009,3,1,1,6,2,1,10,1,0,1,7,1,1,2,4,1,1,3,9,2,6,4,1,1,10,1,1,1,5,1,5,1,1,5,2,4,1,1,2,1,0,5,3,2,1,10,2,1,0,7,1,1,1,1
Feb-14-2009,6,1,1,4,3,2,10,1,0,4,10,1,1,3,5,1,1,4,10,3,10,6,2,1,10,1,1,1,5,1,6,2,3,6,3,3,1,4,5,10,0,5,5,2,3,10,3,1,0,9,1,1,3,1
Feb-21-2009,4,2,2,3,2,2,4,2,0,4,8,1,2,3,5,1,1,4,10,5,9,5,2,1,10,1,1,1,7,1,5,3,5,6,3,1,1,3,7,10,0,10,2,2,2,10,3,2,0,9,1,1,4,1
Feb-28-2009,4,1,1,3,3,2,5,3,0,1,9,2,2,4,5,1,6,4,3,4,10,4,1,1,10,3,1,1,6,1,9,5,5,4,5,6,1,4,7,10,0,5,8,4,3,6,3,1,0,10,1,1,3,1
Mar-07-2009,5,1,1,4,2,2,2,2,0,1,8,1,1,6,5,3,6,5,3,4,9,1,1,1,10,3,1,1,5,1,5,4,6,3,3,7,1,5,7,9,0,2,6,3,2,5,3,1,0,9,3,1,7,1
Mar-14-2009,3,1,1,3,1,1,1,1,0,1,6,1,4,5,2,1,1,2,1,1,8,1,1,1,10,1,1,1,4,1,4,2,9,3,1,6,1,1,6,2,0,1,5,5,1,1,3,1,0,6,5,1,6,6
Mar-21-2009,1,1,1,3,1,1,1,1,0,1,4,1,5,3,6,3,1,4,3,1,5,1,1,1,5,1,1,1,2,1,1,1,5,3,1,6,1,2,3,6,0,1,1,4,1,2,2,1,0,4,1,1,3,6
Mar-28-2009,1,1,1,2,1,1,1,1,0,1,2,1,1,2,1,1,1,1,4,1,2,1,1,1,4,1,2,1,2,1,1,1,2,3,1,6,1,1,3,6,0,1,1,3,1,1,2,1,0,4,1,1,3,1
Apr-04-2009,1,1,1,1,1,1,1,1,0,1,1,2,1,1,1,1,1,2,1,1,1,1,1,1,2,1,1,1,3,1,1,1,2,2,1,4,1,1,1,6,0,1,1,4,1,1,2,1,0,3,1,1,1,1
Apr-11-2009,1,1,1,1,1,1,1,1,0,1,1,1,1,1,1,1,1,1,1,1,1,1,1,1,3,1,1,1,2,1,1,1,1,2,1,1,1,1,2,5,0,1,1,3,1,1,2,1,0,2,1,1,1,1
Apr-18-2009,1,1,1,1,1,1,1,1,0,1,1,1,1,1,1,1,1,1,1,1,1,1,1,1,4,1,1,1,1,1,1,1,1,1,1,3,1,1,1,5,0,1,1,2,1,1,1,1,0,2,1,1,1,1
Apr-25-2009,1,1,1,1,1,1,1,1,0,1,1,1,1,1,1,1,1,1,1,1,1,1,1,1,2,1,1,1,1,1,1,1,1,1,1,5,1,1,1,1,0,1,1,1,1,1,1,1,0,1,1,1,1,1
May-02-2009,3,1,7,1,10,1,3,1,0,1,9,5,1,5,2,1,1,1,1,1,1,1,1,1,5,1,1,1,10,1,1,8,1,10,1,5,1,3,1,1,0,1,1,1,1,7,2,1,0,6,2,1,1,1
May-09-2009,1,1,3,1,3,1,1,1,0,1,8,6,1,4,1,1,1,1,10,1,1,1,1,1,1,1,1,1,3,1,1,5,1,7,1,4,1,1,2,1,0,1,1,1,1,3,2,1,0,6,4,1,3,1
May-16-2009,1,1,1,1,1,1,1,1,0,1,3,7,1,2,1,1,1,1,10,1,1,1,1,1,1,1,1,1,3,1,1,1,1,10,1,5,1,1,1,1,0,1,1,1,1,1,1,1,0,4,1,1,1,1
May-23-2009,1,1,1,0,1,1,0,1,0,1,2,4,1,3,1,1,1,1,1,1,1,2,1,1,1,1,1,1,5,1,1,1,1,10,1,3,1,1,4,1,0,1,1,1,1,1,2,1,0,3,1,1,1,1
May-30-2009,1,1,1,0,1,1,0,1,0,1,1,5,1,3,1,1,1,1,1,1,1,2,1,1,1,1,1,1,4,1,3,1,1,10,1,4,1,1,2,1,0,1,1,1,1,1,4,1,0,3,1,1,1,1
Jun-06-2009,1,1,1,0,1,1,1,1,0,1,1,3,2,3,1,1,1,1,1,1,1,5,1,1,1,1,1,1,1,1,1,1,1,10,1,4,1,1,1,1,0,1,1,1,1,1,10,1,0,3,1,1,1,1
Jun-13-2009,1,1,1,0,1,1,0,1,0,1,1,2,1,2,1,1,1,1,1,1,1,4,1,1,1,1,1,1,1,1,9,1,4,10,1,1,1,1,1,1,0,1,1,1,1,1,10,1,0,4,1,1,1,1
Jun-20-2009,1,1,1,0,1,1,2,1,0,1,1,4,1,1,1,1,1,1,1,1,4,4,1,1,1,1,1,1,1,1,10,1,6,10,1,1,1,1,1,1,0,1,1,1,1,1,10,1,0,6,1,1,2,1
Jun-27-2009,1,1,1,0,1,1,1,1,0,1,2,5,1,1,1,1,1,1,1,1,1,1,1,1,1,1,1,1,1,1,10,1,4,5,1,1,1,1,1,1,0,1,1,1,1,1,10,1,0,5,1,1,1,1
Jul-04-2009,1,1,1,0,1,1,1,1,0,1,4,9,1,1,1,1,1,1,1,2,1,2,1,1,1,1,1,1,1,1,7,1,1,3,1,1,1,1,1,1,0,1,1,1,1,1,9,1,0,4,1,1,1,1
Jul-11-2009,1,1,1,0,1,1,1,1,0,1,1,10,1,1,1,1,1,1,1,1,1,1,1,1,1,1,1,1,1,1,2,1,1,1,1,1,1,1,1,1,0,1,1,1,1,1,4,1,0,3,1,1,1,1
Jul-18-2009,1,1,1,0,3,1,1,1,0,1,1,9,1,1,1,1,1,1,1,1,1,1,1,1,1,1,1,1,1,1,1,1,1,1,1,1,1,1,1,1,0,1,1,1,1,1,2,1,0,3,1,1,1,1
Jul-25-2009,1,1,1,1,1,1,1,1,0,1,1,7,1,1,1,1,1,1,1,1,1,1,1,1,1,1,1,1,1,1,1,1,1,1,1,1,1,1,1,1,0,1,1,1,1,1,1,1,0,2,1,1,1,1
Aug-01-2009,1,3,1,1,1,1,1,1,0,1,1,4,1,1,1,1,1,1,1,1,1,1,1,1,1,1,1,1,1,1,1,1,1,1,1,1,1,1,1,1,0,1,1,1,1,1,1,1,0,1,1,1,1,1
Aug-08-2009,1,1,1,1,1,1,1,1,0,1,2,3,1,1,1,1,1,1,1,1,1,1,1,1,1,1,1,1,1,1,1,1,1,1,1,1,1,1,1,1,0,1,1,1,1,1,1,1,0,1,1,1,1,1
Aug-15-2009,1,1,1,0,1,1,1,1,0,1,5,2,1,1,1,1,1,1,1,1,1,1,1,1,1,1,1,1,1,1,1,1,1,1,1,1,1,1,1,1,0,1,1,1,1,1,1,1,0,1,1,1,1,1
Aug-22-2009,9,2,1,1,1,1,1,1,0,1,10,2,1,1,1,1,1,1,10,1,1,1,1,1,7,1,1,1,1,1,1,1,1,1,1,1,1,1,1,1,0,1,1,1,1,1,1,1,0,1,1,1,1,1
Aug-29-2009,10,9,1,9,1,1,1,1,0,4,10,1,1,1,1,1,3,4,10,1,1,1,1,1,10,10,1,2,1,1,1,1,1,1,2,1,1,1,1,1,0,1,3,1,3,1,1,1,0,2,6,1,1,1
Sep-05-2009,10,8,3,4,3,2,1,1,0,8,10,4,1,2,4,1,4,10,10,1,1,1,1,1,10,10,1,1,3,1,1,5,9,1,10,2,1,6,1,1,0,1,6,1,10,2,1,1,0,3,9,1,7,1
Sep-12-2009,10,10,3,7,4,5,3,1,0,10,10,1,2,4,6,1,4,10,10,1,4,1,1,1,10,10,1,1,4,1,1,8,10,1,10,3,1,10,1,4,0,1,8,1,10,5,1,1,0,4,4,1,10,1
Sep-19-2009,10,9,2,7,6,7,4,2,0,7,10,1,4,4,4,3,5,10,10,1,6,1,1,1,10,10,1,4,5,1,2,8,10,2,10,4,1,10,2,6,0,5,10,1,7,10,3,1,0,5,1,2,7,1
Sep-26-2009,10,10,5,9,5,10,1,3,0,6,10,1,8,5,6,1,10,10,10,1,8,1,1,1,10,10,1,4,10,1,2,10,7,3,10,5,1,10,5,6,0,4,10,1,8,10,5,1,0,8,2,3,4,1
Oct-03-2009,10,10,8,8,10,10,3,8,0,8,10,1,10,7,6,1,10,10,10,1,6,1,1,1,10,10,7,6,9,1,1,10,5,3,10,5,1,10,7,6,0,2,10,4,9,10,8,1,0,10,7,5,2,5
Oct-10-2009,10,10,10,10,10,10,3,7,0,9,10,1,10,10,10,10,10,10,10,1,10,1,2,10,10,10,10,10,10,1,3,10,1,2,10,10,3,10,10,10,0,1,10,8,8,10,10,1,0,10,10,8,8,10
Oct-17-2009,10,10,10,10,10,10,6,10,0,8,10,1,10,10,10,10,10,9,10,1,10,3,5,10,8,10,10,10,10,1,6,10,3,3,10,10,10,10,10,10,0,1,10,10,9,10,10,2,0,10,10,6,10,10
Oct-24-2009,10,10,8,10,10,10,10,10,0,7,10,1,10,10,10,10,10,10,10,1,10,7,10,10,7,10,10,10,8,1,10,10,10,5,10,10,10,10,10,10,0,10,8,9,8,10,10,10,0,10,10,10,10,10
Oct-31-2009,10,10,6,10,10,10,10,10,0,7,10,1,10,10,10,10,10,8,10,2,10,10,10,8,8,10,7,10,5,10,10,10,10,6,10,10,10,10,10,10,0,10,10,6,9,10,10,10,0,10,10,10,10,10
Nov-07-2009,10,8,6,10,10,8,10,10,10,8,10,1,7,10,10,10,10,5,10,6,10,10,10,4,2,10,7,10,4,10,10,10,10,6,5,10,10,10,9,10,0,10,8,3,6,10,10,10,0,10,8,10,10,8
Nov-14-2009,10,7,4,9,10,4,10,10,5,5,9,2,6,10,10,7,8,2,9,7,10,10,10,1,2,10,3,8,2,10,10,10,9,8,4,9,6,10,4,8,0,10,4,2,4,10,10,10,0,10,7,10,8,2
Nov-21-2009,9,7,2,5,10,4,10,3,6,3,7,1,1,10,9,1,4,1,9,9,5,7,6,1,2,6,2,1,3,8,10,10,4,7,3,5,2,8,2,5,0,10,5,2,3,10,9,10,0,10,3,10,6,1
Nov-28-2009,7,6,4,9,10,3,1,1,2,4,8,2,1,7,6,1,1,1,9,7,5,5,3,1,7,5,1,5,4,5,10,10,1,8,1,3,1,6,1,1,0,3,1,1,1,5,6,1,0,8,1,10,1,1
Dec-05-2009,6,4,1,4,8,1,2,1,7,2,6,1,1,4,3,1,1,1,6,3,3,3,1,1,10,4,1,6,1,1,5,10,1,7,1,3,1,5,1,1,0,1,1,1,1,4,3,1,0,7,1,1,1,1
Dec-12-2009,6,6,1,2,6,2,1,1,5,1,4,1,1,5,2,1,1,1,8,1,4,1,2,1,5,2,1,6,1,1,6,6,1,6,1,2,1,2,1,1,0,1,1,1,1,3,1,1,0,6,1,3,1,1
Dec-19-2009,5,3,1,1,7,1,1,1,6,1,5,1,1,3,1,1,1,1,4,1,1,1,1,1,7,1,1,1,1,1,4,6,1,6,1,2,1,1,1,1,0,1,1,1,1,8,1,1,0,6,1,4,1,1
Dec-26-2009,8,5,1,1,8,1,1,1,7,1,7,2,1,5,3,1,1,1,7,1,4,2,1,1,1,3,1,1,1,1,3,10,1,6,1,2,1,2,1,1,0,1,1,0,1,6,1,1,0,6,1,4,1,1
Jan-02-2010,7,5,1,1,8,2,1,1,7,1,7,1,1,4,1,1,1,1,9,1,3,2,1,1,6,1,1,5,3,1,3,8,1,6,1,3,1,4,1,1,0,1,1,1,1,4,1,1,0,6,1,4,1,1
Jan-09-2010,2,1,1,1,5,1,1,1,3,1,3,1,1,3,1,1,1,1,6,1,2,1,1,1,2,1,1,3,1,1,1,5,1,4,1,1,1,1,1,1,0,1,1,0,1,1,1,1,0,5,1,3,1,1
Jan-16-2010,6,1,1,1,5,1,1,1,1,1,2,1,1,2,1,1,1,1,5,1,3,1,1,1,1,1,1,1,1,1,2,5,1,3,1,1,1,1,1,1,0,1,1,1,1,2,1,1,0,4,1,1,1,1
Jan-23-2010,7,1,1,1,4,1,1,1,3,1,3,1,1,2,1,1,1,1,7,1,1,1,1,1,1,1,1,3,1,1,2,6,1,3,1,2,1,1,1,1,0,1,1,1,1,1,1,1,0,4,1,1,1,1
Jan-30-2010,7,1,1,1,6,2,1,1,4,1,2,1,1,2,1,1,1,1,6,1,2,1,1,1,1,1,1,1,1,1,1,6,1,3,1,2,1,1,1,1,0,1,1,1,1,1,1,1,0,4,1,4,1,1
Feb-06-2010,5,1,1,2,6,1,1,1,4,1,4,1,1,3,1,1,1,1,9,1,3,1,1,1,5,1,1,2,1,1,1,10,1,3,1,3,1,1,1,1,0,1,1,4,1,2,1,1,0,3,1,4,1,1
Feb-13-2010,4,2,1,1,8,2,1,1,1,1,3,1,1,2,1,1,1,1,6,1,4,1,1,1,3,1,1,6,1,1,1,6,1,3,1,3,1,1,1,1,0,1,1,1,1,1,1,1,0,3,1,4,1,1
Feb-20-2010,4,1,1,1,3,2,1,1,1,1,4,1,2,3,1,1,1,1,8,1,1,1,1,1,5,2,1,6,1,1,1,8,1,2,1,1,1,2,1,1,0,1,1,3,1,1,1,3,0,2,1,4,1,1
Feb-27-2010,5,2,1,1,6,2,1,1,1,1,3,1,1,2,1,1,1,1,9,1,1,1,1,1,2,2,1,1,1,1,1,7,1,2,1,3,1,2,1,1,0,1,1,3,1,1,1,1,0,2,1,3,1,1
Mar-06-2010,6,1,1,2,6,1,1,1,3,1,2,1,1,2,1,1,1,1,6,1,2,1,1,1,6,5,1,1,1,1,1,6,1,1,1,3,1,1,1,1,0,1,3,1,1,1,1,1,0,3,1,4,1,1
Mar-13-2010,7,1,1,1,5,1,1,1,2,1,3,1,1,1,1,1,1,1,6,1,2,1,1,1,4,2,1,1,1,1,1,4,1,1,1,4,1,2,1,1,0,1,5,1,1,2,1,1,0,3,1,3,1,1
Mar-20-2010,4,1,1,1,6,1,1,1,2,1,2,1,1,1,1,1,1,1,6,1,2,1,1,1,3,3,1,4,1,1,1,3,1,2,1,4,1,1,1,1,0,1,1,1,1,1,1,1,0,2,1,3,1,1
Mar-27-2010,2,1,1,1,4,1,1,1,0,1,2,1,1,1,1,1,1,1,3,1,1,1,1,1,1,1,1,3,1,1,1,3,1,1,1,5,1,1,1,1,0,1,1,1,1,1,1,1,0,2,1,3,1,1
Apr-03-2010,1,1,1,1,5,1,1,1,0,1,1,1,1,1,1,1,1,1,1,1,1,1,1,1,1,1,1,4,1,1,1,3,1,1,1,3,1,1,1,1,0,1,1,1,1,1,1,1,0,2,1,3,1,1
Apr-10-2010,1,1,1,1,3,1,1,1,1,1,1,1,1,1,1,1,1,1,2,1,1,1,1,1,1,1,1,2,1,1,1,2,1,1,1,3,1,1,1,1,0,1,1,1,1,1,1,1,0,1,1,1,1,1
Apr-17-2010,1,1,1,1,2,1,1,1,1,1,1,1,1,1,1,1,1,1,1,1,1,1,1,1,1,1,1,1,1,1,1,1,1,1,1,2,1,1,1,1,0,1,1,1,1,1,1,1,0,1,1,1,1,1
Apr-24-2010,1,1,1,1,1,1,1,1,1,1,1,1,1,1,1,1,1,1,1,1,1,1,1,1,1,1,1,1,1,1,1,2,1,1,1,5,1,1,1,1,0,1,1,1,1,1,1,1,0,1,1,1,1,1
May-01-2010,1,4,1,1,2,1,1,1,1,1,1,1,1,1,1,1,1,1,1,1,1,1,1,1,1,1,1,1,1,1,1,2,1,1,1,3,1,1,1,1,0,1,1,1,1,1,1,1,0,1,1,1,1,1
May-08-2010,1,1,1,1,2,1,1,1,0,1,1,1,1,1,1,1,1,1,1,1,1,1,1,1,1,1,1,1,1,1,1,2,1,1,1,2,1,1,1,1,0,1,1,1,1,1,1,1,0,1,1,1,1,1
May-15-2010,1,1,1,1,2,1,1,1,0,1,1,1,1,1,1,1,1,1,1,1,1,1,1,1,1,1,1,5,1,1,1,1,1,1,1,3,1,1,1,1,0,1,1,1,1,1,1,1,0,1,1,1,1,1
May-22-2010,1,1,1,1,2,1,1,1,0,1,1,1,1,1,1,1,1,1,1,1,1,1,1,1,1,1,1,1,1,1,1,2,1,1,1,4,1,1,1,1,0,1,1,1,1,1,1,1,0,1,1,1,1,1
May-29-2010,1,1,1,1,3,1,1,1,0,1,1,1,1,1,1,1,1,1,1,1,1,1,1,1,1,1,1,1,1,1,1,3,1,1,1,1,1,1,1,1,0,1,1,1,1,1,1,1,0,1,1,1,1,1
Jun-05-2010,1,1,1,1,4,1,1,1,0,1,1,1,1,1,1,1,1,1,1,1,1,1,1,1,1,1,1,1,1,1,1,3,1,1,1,3,1,1,1,1,0,1,1,0,1,1,1,1,0,1,1,1,1,1
Jun-12-2010,1,1,1,1,2,1,1,1,0,1,1,1,1,1,1,1,1,1,1,1,1,1,1,1,1,1,1,1,1,1,1,2,1,1,1,1,1,1,1,1,0,1,1,0,1,1,1,1,0,1,1,1,1,1
Jun-19-2010,1,1,1,1,2,1,1,1,0,1,1,1,1,1,1,1,1,1,1,1,1,1,1,1,2,1,1,1,1,1,1,1,1,1,1,1,1,1,1,1,0,1,1,0,1,1,1,1,0,1,1,1,1,1
Jun-26-2010,1,1,1,1,2,1,1,1,0,1,1,1,1,1,1,1,1,1,1,1,1,1,1,1,1,1,1,1,1,1,1,1,1,1,1,1,1,1,1,1,0,1,1,0,1,1,1,1,0,1,1,1,1,1
Jul-03-2010,1,1,1,1,1,1,1,1,0,1,1,1,1,1,1,1,1,1,1,1,1,1,1,1,1,1,1,1,1,1,1,1,1,1,1,1,1,1,1,1,0,1,1,0,1,1,1,1,0,1,1,1,1,1
Jul-10-2010,1,1,1,1,1,1,1,1,0,1,1,1,1,1,1,1,1,1,1,2,1,1,1,1,1,1,1,1,1,1,1,2,1,1,1,1,1,1,0,1,0,1,1,0,1,1,1,1,0,1,1,1,1,1
Jul-17-2010,1,1,1,1,1,1,1,1,0,1,1,1,1,1,1,1,1,1,1,1,1,1,1,1,1,1,1,1,1,1,2,1,1,1,1,1,1,1,1,1,0,1,1,0,1,1,1,1,0,1,1,1,1,1
Jul-24-2010,1,1,1,1,1,1,1,1,0,1,1,1,1,1,1,1,1,1,1,1,1,1,1,1,1,1,1,1,1,1,2,2,1,1,1,1,1,1,0,1,0,1,1,0,1,1,1,1,0,1,1,1,1,1
Jul-31-2010,1,1,1,1,2,1,1,1,0,1,1,1,1,1,1,1,1,1,1,1,1,1,1,1,1,1,1,1,1,1,1,1,1,1,1,1,1,1,0,1,0,1,1,0,1,1,1,1,0,1,1,1,1,1
Aug-07-2010,1,1,1,1,1,1,1,1,0,1,1,1,1,1,1,1,1,1,1,1,1,1,1,1,1,1,1,1,1,1,2,1,1,1,1,1,1,1,1,1,0,1,1,1,1,1,1,1,0,1,1,1,1,1
Aug-14-2010,1,1,1,1,1,1,1,1,0,1,1,1,1,1,1,0,1,1,1,1,1,1,1,1,1,1,1,1,1,1,3,1,1,1,1,1,1,1,1,1,0,1,1,1,1,1,1,1,0,1,1,1,1,1
Aug-21-2010,1,1,1,1,1,1,1,1,0,1,1,1,1,1,1,0,1,1,1,1,1,1,1,1,1,1,1,1,1,1,2,1,1,1,1,1,1,1,1,1,0,1,1,1,1,1,1,1,0,1,1,1,1,1
Aug-28-2010,1,1,1,1,1,1,1,1,0,1,1,1,1,1,1,1,1,1,1,1,1,1,1,1,1,1,1,1,1,1,1,1,1,1,1,1,1,1,1,1,0,1,1,1,1,1,1,1,0,1,1,1,1,1
Sep-04-2010,1,1,1,1,1,1,1,1,0,1,1,1,1,1,1,1,1,1,1,1,2,1,1,1,1,1,1,1,1,1,1,2,1,1,1,1,1,1,0,1,0,1,1,1,1,1,1,1,0,1,1,1,1,1
Sep-11-2010,1,2,1,1,1,1,1,1,0,1,1,1,1,1,1,1,1,1,1,1,4,1,1,1,1,1,1,1,1,1,1,2,1,1,1,1,1,1,0,1,0,1,1,1,1,1,1,1,0,1,1,1,1,1
Sep-18-2010,1,1,1,1,1,1,1,1,0,1,1,1,0,1,1,1,1,1,1,1,0,1,1,1,1,1,1,1,1,1,1,3,1,1,1,1,1,1,1,1,0,1,1,1,1,1,1,1,0,1,1,1,1,1
Sep-25-2010,1,1,1,1,1,1,1,1,0,1,1,1,0,1,1,1,1,1,1,1,0,1,1,1,1,1,1,1,1,1,1,1,1,1,1,1,1,1,1,1,0,1,1,1,1,1,1,1,0,1,0,1,1,1
Oct-02-2010,1,1,1,1,1,1,1,1,0,1,1,1,0,1,1,1,1,1,1,1,0,1,1,1,1,1,1,1,1,1,1,4,1,1,1,1,1,1,1,1,0,1,1,1,1,1,1,1,0,1,0,1,1,1
Oct-09-2010,1,1,1,1,1,1,1,1,1,1,1,1,1,1,1,1,1,1,1,1,1,1,1,1,1,1,1,1,1,1,1,1,1,1,1,1,1,1,1,1,0,1,1,1,1,1,1,1,0,1,1,1,1,1
Oct-16-2010,1,1,1,1,1,1,1,1,1,1,1,1,1,1,1,1,1,1,1,1,1,1,1,1,1,1,1,1,1,1,1,1,1,1,1,1,1,1,1,1,0,1,1,1,1,1,1,1,0,1,1,1,1,1
Oct-23-2010,1,1,1,1,1,1,1,1,1,1,1,1,1,1,1,1,1,1,1,1,1,1,1,1,1,1,1,1,1,1,1,1,1,1,1,1,1,1,1,1,0,1,1,1,1,1,1,1,0,1,1,1,1,1
Oct-30-2010,1,1,1,1,1,1,1,1,1,1,2,1,1,1,1,1,1,1,1,1,1,1,1,1,1,1,1,1,1,1,1,1,1,1,1,1,1,1,1,1,0,1,1,1,1,1,1,1,0,1,1,1,1,1
Nov-06-2010,1,1,1,1,1,1,1,1,1,1,3,1,1,1,1,1,1,1,1,1,1,1,1,1,1,1,1,1,1,1,1,2,1,1,1,1,1,1,1,1,0,1,1,1,1,1,1,1,0,1,1,1,1,1
Nov-13-2010,1,1,1,1,1,1,1,1,1,1,5,1,1,1,1,1,1,1,1,1,1,1,1,1,1,1,1,1,1,1,1,1,1,2,1,1,1,1,1,1,0,1,1,1,1,1,1,1,0,2,1,2,1,1
Nov-20-2010,1,1,1,1,1,1,1,1,1,1,8,1,1,1,1,1,1,1,2,1,1,1,1,1,2,1,1,1,1,1,1,2,1,3,1,1,1,4,1,1,0,1,1,1,1,2,2,1,0,2,1,2,1,1
Nov-27-2010,4,1,1,1,1,1,1,1,1,1,10,3,1,1,1,1,1,1,1,1,1,1,1,1,3,1,1,1,2,1,1,2,1,4,1,1,1,3,1,1,0,1,1,1,1,2,1,1,0,3,1,1,1,1
Dec-04-2010,4,1,2,1,1,1,1,1,1,1,5,1,1,1,1,1,1,1,1,1,1,1,1,1,3,1,1,1,2,1,1,2,1,4,1,1,1,1,1,1,0,1,1,1,1,2,1,1,0,2,1,1,1,1
Dec-11-2010,8,1,5,1,1,1,1,1,1,1,8,1,1,1,1,1,1,1,2,1,1,1,1,1,5,1,1,1,3,1,1,1,1,5,1,1,1,1,1,1,0,1,1,1,1,1,2,1,0,3,1,1,1,1
Dec-18-2010,10,1,4,1,1,1,1,1,1,2,10,1,1,1,1,1,1,2,4,1,1,1,1,1,10,1,1,1,5,1,2,2,1,7,1,1,1,4,1,1,0,1,1,1,1,3,2,1,0,3,1,1,1,1
Dec-25-2010,10,1,5,2,3,1,1,1,1,5,10,1,2,4,1,3,1,3,6,1,3,2,1,1,10,2,1,1,5,1,6,3,3,10,1,1,1,5,1,1,0,1,1,1,2,6,2,1,0,4,1,1,1,1
Jan-01-2011,10,1,1,1,3,2,1,1,1,5,10,2,1,5,2,1,1,2,9,1,5,3,1,1,10,2,1,3,6,1,6,4,4,10,1,1,1,8,2,1,0,1,1,1,4,4,2,1,0,5,1,1,1,1
Jan-08-2011,10,1,2,2,1,1,1,1,1,3,9,2,1,4,2,1,1,3,7,1,1,2,1,1,9,1,1,1,5,1,4,3,1,7,1,1,1,3,1,1,0,1,1,1,1,3,1,1,0,5,1,1,1,1
Jan-15-2011,10,2,3,6,2,2,1,4,1,3,7,1,1,4,4,1,1,2,9,1,2,3,1,1,7,2,1,1,6,1,7,3,2,6,4,1,1,9,1,1,0,1,4,1,5,6,6,1,0,6,1,1,1,1
Jan-22-2011,10,3,5,10,2,2,1,3,1,5,6,4,4,7,10,1,1,3,10,1,6,3,1,1,9,2,1,1,6,1,7,5,1,5,9,1,2,10,2,2,0,1,5,1,7,8,5,1,0,9,1,1,1,2
Jan-29-2011,10,2,5,10,5,4,1,2,1,5,8,5,4,9,10,1,5,5,10,1,7,3,1,1,8,5,1,5,7,1,10,9,3,5,10,1,4,10,2,6,0,1,10,1,10,10,2,1,0,10,1,4,3,4
Feb-05-2011,10,5,5,10,4,6,1,3,1,6,9,4,5,10,10,3,7,7,10,1,7,5,1,3,9,9,2,7,7,1,9,10,5,4,10,1,7,10,2,8,0,1,10,2,10,10,5,1,0,10,3,6,5,4
Feb-12-2011,10,3,6,10,6,6,3,3,1,5,9,6,8,8,10,1,6,7,10,1,6,5,3,2,7,9,1,6,7,1,10,8,4,4,10,3,3,10,3,6,0,3,10,3,10,10,8,2,0,10,1,8,5,5
Feb-19-2011,10,6,6,10,6,7,3,5,1,4,9,7,10,7,10,1,7,5,10,3,5,6,3,4,7,10,1,8,7,1,10,10,5,5,10,4,4,10,4,5,0,5,10,7,10,10,6,4,0,10,6,10,5,3
Feb-26-2011,10,6,4,10,7,7,3,4,1,3,7,7,10,7,10,1,7,7,9,2,3,5,4,4,4,10,3,10,5,1,10,9,4,5,7,5,2,10,1,5,0,3,9,6,7,10,4,1,0,10,6,10,4,2
Mar-05-2011,10,10,3,10,6,7,1,3,1,1,3,7,10,6,8,1,6,4,6,2,2,3,2,5,1,6,3,10,7,1,9,8,2,3,3,6,2,7,2,3,0,4,6,5,6,8,2,1,0,8,5,8,5,2
Mar-12-2011,8,7,3,1,5,5,1,2,1,1,2,5,10,5,5,1,4,1,4,1,1,4,3,3,1,6,2,8,5,1,6,5,1,2,3,8,1,6,2,2,0,4,4,4,2,5,4,2,0,6,3,4,5,1
Mar-19-2011,2,6,1,2,4,4,1,1,0,1,1,5,7,5,3,1,2,1,2,1,1,3,2,3,1,1,1,4,4,1,4,4,2,2,1,4,1,4,1,1,0,1,2,2,1,2,4,1,0,4,3,3,6,1
Mar-26-2011,1,4,1,1,1,3,1,1,1,1,1,1,6,3,2,1,1,1,1,1,1,2,1,2,1,1,1,1,5,1,1,2,1,2,1,4,1,1,1,1,0,1,1,1,1,1,3,1,0,3,4,1,1,1
Apr-02-2011,1,4,1,1,1,2,1,1,1,1,1,2,2,3,1,1,1,1,1,1,1,2,1,2,1,1,1,1,2,1,5,2,1,2,1,1,1,1,1,1,0,1,1,1,1,1,3,1,0,3,1,1,1,1
Apr-09-2011,1,4,1,1,1,1,1,1,0,1,1,2,2,2,1,1,1,1,1,1,1,2,1,1,1,1,1,1,2,1,2,1,1,2,1,1,1,1,1,1,0,1,1,1,1,1,1,1,0,2,1,1,1,1
Apr-16-2011,1,1,1,1,1,1,1,1,0,1,1,1,3,1,1,1,1,1,1,1,2,2,1,1,1,1,1,1,1,1,1,1,1,1,1,1,1,1,1,1,0,1,1,1,1,1,1,1,0,2,1,1,1,1
Apr-23-2011,1,2,1,1,1,1,1,1,0,1,1,1,1,1,1,1,1,1,1,1,2,2,1,1,1,1,1,1,2,1,1,1,1,1,1,1,1,1,1,1,0,1,1,1,1,1,1,1,0,1,1,1,1,1
Apr-30-2011,1,1,1,1,1,1,1,1,0,1,1,1,1,1,1,1,1,1,1,1,1,1,1,1,1,1,1,1,1,1,1,1,1,1,1,1,1,1,1,1,0,1,1,1,1,1,1,1,0,1,1,1,1,1
May-07-2011,1,1,1,1,1,1,1,1,0,1,1,1,1,1,1,1,1,1,1,1,1,1,1,1,1,1,1,1,1,1,1,1,1,1,1,1,1,1,1,1,0,1,1,1,1,1,1,1,0,1,1,1,1,1
May-14-2011,1,1,1,1,1,1,1,1,0,1,1,1,1,1,1,1,1,1,1,1,1,1,1,1,1,1,1,1,1,1,1,1,1,1,1,1,1,1,1,1,0,1,1,1,1,1,1,1,0,1,1,1,1,1
May-21-2011,1,1,1,1,1,1,1,1,0,1,1,1,1,1,1,1,1,1,1,1,1,1,1,1,1,1,1,1,1,1,1,1,1,1,1,1,1,1,1,1,0,1,1,1,1,1,1,1,0,1,1,1,1,1
May-28-2011,1,1,1,1,1,1,1,0,0,1,1,1,1,1,1,1,1,1,1,1,1,1,1,1,1,1,1,1,1,1,1,1,1,1,1,1,1,1,1,1,0,1,1,1,1,1,1,1,0,1,1,1,1,1
Jun-04-2011,1,1,1,1,1,1,1,0,0,1,1,1,1,1,1,1,1,1,1,1,1,1,1,1,1,1,1,1,1,1,1,1,1,1,1,1,1,1,1,1,0,1,1,1,1,1,1,1,0,1,1,1,1,1
Jun-11-2011,1,1,1,1,1,1,1,0,0,1,1,1,1,1,1,1,1,1,1,1,1,1,1,1,1,1,1,1,1,1,1,1,1,1,1,1,1,1,1,1,0,1,1,1,1,1,1,1,0,1,1,1,1,1
Jun-18-2011,1,1,1,1,1,1,1,0,0,1,1,1,1,1,1,1,1,1,1,1,1,1,1,1,1,1,1,1,1,1,1,1,1,1,1,1,1,1,1,1,0,1,1,1,1,1,1,1,0,1,1,1,1,1
Jun-25-2011,1,1,1,0,1,1,1,0,0,1,1,1,1,1,1,1,1,1,1,1,1,1,1,1,1,1,1,1,1,1,1,1,1,1,1,1,1,1,1,1,0,1,1,1,1,1,1,1,0,1,0,1,1,1
Jul-02-2011,1,1,1,0,1,1,1,0,0,1,1,1,1,1,1,1,1,1,1,1,1,1,1,1,1,1,1,1,1,1,1,1,1,1,1,1,1,1,1,1,0,1,1,1,1,1,1,1,0,1,0,1,1,1
Jul-09-2011,1,1,1,1,1,1,1,0,0,1,1,1,1,1,1,1,1,1,1,1,1,1,1,1,1,1,1,1,1,1,1,1,1,1,1,1,1,1,1,1,0,1,1,1,1,1,1,1,0,1,0,1,1,1
Jul-16-2011,1,1,1,0,1,1,1,0,0,1,1,1,1,1,1,1,1,1,1,1,1,1,1,1,1,1,1,1,1,1,1,1,1,1,1,1,1,1,1,1,0,1,1,1,1,1,1,1,0,1,0,1,1,1
Jul-23-2011,1,1,1,0,1,1,1,0,0,1,1,1,1,1,1,1,1,1,1,1,1,1,1,1,1,1,1,1,1,1,1,1,1,1,1,1,1,1,1,1,0,1,1,1,1,1,1,1,0,1,0,1,1,1
Jul-30-2011,1,1,1,0,1,1,1,0,0,1,1,1,1,1,1,1,1,1,1,1,1,1,1,1,1,1,1,1,1,1,1,1,1,1,1,1,1,1,1,1,0,1,1,1,1,1,1,1,0,1,1,1,1,1
Aug-06-2011,1,1,1,0,1,1,1,0,0,1,1,1,1,1,1,1,1,1,1,1,1,1,1,1,1,1,1,1,1,1,1,1,1,1,1,1,1,1,1,1,0,1,1,1,1,1,1,1,0,1,1,1,1,1
Aug-13-2011,1,1,1,0,1,1,1,0,0,1,1,1,1,1,1,1,1,1,1,1,1,1,1,1,1,1,1,1,1,1,1,1,1,1,1,1,1,1,1,1,0,1,1,1,1,1,1,1,0,1,1,1,1,1
Aug-20-2011,1,1,1,0,1,1,1,0,0,1,1,1,1,1,1,0,1,1,1,1,1,1,1,1,1,1,1,1,1,1,1,1,1,1,1,1,1,1,1,1,0,1,1,1,1,1,1,1,0,1,1,1,1,1
Aug-27-2011,1,1,1,0,1,1,1,0,0,1,1,1,1,1,1,1,1,1,1,1,1,1,1,1,1,1,1,1,1,1,1,1,1,1,1,1,1,1,1,1,0,1,1,1,1,1,1,1,0,1,1,1,1,1
Sep-03-2011,1,1,1,0,1,1,1,0,0,1,1,1,1,1,1,1,1,1,1,1,1,1,1,1,1,1,1,1,1,1,1,1,1,1,1,1,1,1,1,1,0,1,1,1,1,1,1,1,0,1,0,1,1,1
Sep-10-2011,1,1,1,0,1,1,1,0,0,1,1,1,1,1,1,1,1,1,1,1,0,1,1,1,1,1,1,1,1,1,1,1,1,1,1,1,1,1,1,1,0,1,1,1,1,1,1,1,0,1,1,1,1,1
Sep-17-2011,1,1,1,0,1,1,1,0,0,1,1,1,1,1,1,1,1,1,0,1,0,1,1,1,1,1,1,3,1,1,1,1,1,1,1,1,1,1,1,1,0,1,1,1,1,1,1,2,0,1,1,1,1,1
Sep-24-2011,1,2,1,0,1,1,1,0,0,1,1,1,1,1,1,1,1,1,0,1,2,1,1,1,1,1,1,1,1,1,1,1,1,1,1,1,1,1,1,1,0,1,1,1,1,1,2,1,0,1,1,1,1,1
Oct-01-2011,1,1,1,0,1,1,1,0,0,1,1,1,1,1,1,1,1,1,1,1,2,1,1,1,1,1,1,1,1,1,1,1,1,1,1,1,1,1,1,1,0,1,1,1,1,1,1,1,0,1,0,1,1,1
Oct-08-2011,1,1,1,1,1,1,1,1,1,1,1,1,1,2,1,1,1,1,3,1,3,1,1,1,1,1,1,1,1,1,1,1,1,1,1,1,1,1,1,1,0,1,1,1,1,1,1,1,0,1,1,1,1,1
Oct-15-2011,1,1,1,1,1,1,1,1,1,1,1,1,1,1,1,1,1,1,1,1,1,2,1,1,1,1,1,1,1,1,1,1,1,1,1,1,1,1,1,1,0,1,1,1,1,1,1,1,0,2,1,1,1,1
Oct-22-2011,2,1,1,1,1,1,1,1,1,1,1,1,1,1,1,1,1,1,2,1,2,1,1,1,1,1,1,1,1,1,1,1,1,1,1,1,1,1,1,1,0,1,1,1,1,1,1,1,0,1,1,1,1,1
Oct-29-2011,3,1,1,1,1,1,1,1,1,1,1,1,1,2,1,1,1,1,2,1,3,1,1,1,1,1,1,1,1,1,1,1,1,1,1,1,1,1,1,1,0,1,1,1,1,1,1,1,0,2,1,1,1,1
Nov-05-2011,3,1,1,1,1,1,1,1,1,1,1,1,2,1,2,1,1,1,2,1,2,1,1,1,1,1,1,1,1,1,1,1,1,2,1,1,1,1,1,1,0,1,1,1,1,1,1,1,0,2,1,1,1,1
Nov-12-2011,5,1,1,1,1,1,1,1,1,1,1,1,1,1,1,1,1,1,1,1,1,1,1,1,1,1,1,1,1,1,1,1,1,2,1,1,1,1,1,1,0,1,1,1,1,1,2,1,0,2,1,1,1,1
Nov-19-2011,3,1,1,1,1,1,1,1,0,1,1,1,1,1,1,1,1,1,2,1,2,1,1,1,1,1,1,1,1,1,1,2,1,2,1,1,1,1,1,1,0,1,1,1,1,2,1,1,0,2,1,1,1,1
Nov-26-2011,4,1,1,1,1,1,1,1,0,1,1,1,1,2,1,1,1,1,2,1,1,1,1,1,1,1,1,1,1,1,1,2,1,4,1,1,1,1,1,1,0,1,1,1,1,1,2,1,0,2,1,1,1,1
Dec-03-2011,2,1,1,1,1,1,1,1,0,1,1,1,2,1,1,1,1,1,3,1,2,1,1,1,1,1,1,1,1,1,1,1,1,4,1,1,1,1,1,1,0,1,1,1,1,1,1,1,0,3,1,1,1,1
Dec-10-2011,6,1,1,1,1,1,1,1,0,1,1,1,1,1,1,1,1,1,2,1,1,1,1,1,3,1,1,1,1,1,1,1,1,4,1,1,1,1,1,1,0,1,1,1,1,1,1,1,0,2,1,1,1,1
Dec-17-2011,7,1,1,1,1,1,1,1,0,1,1,1,2,2,1,1,1,1,5,1,2,1,1,1,1,1,1,1,1,1,1,1,1,4,1,1,1,1,1,1,0,1,1,1,1,1,1,1,0,3,1,1,1,1
Dec-24-2011,8,1,1,1,2,1,1,1,0,1,4,1,1,2,1,1,1,1,3,1,3,2,1,1,1,1,1,1,1,1,1,1,1,5,1,1,1,1,1,1,0,1,1,1,1,2,2,1,0,3,1,1,1,1
Dec-31-2011,9,1,1,1,3,1,1,1,0,1,4,1,2,4,2,1,1,1,4,1,4,3,1,4,3,1,1,3,1,1,1,1,1,5,1,1,1,1,1,1,0,1,2,1,1,3,2,3,0,3,2,1,1,1
Jan-07-2012,5,1,1,1,2,1,1,1,0,1,2,1,1,3,1,1,1,1,4,1,1,2,1,1,1,1,1,1,1,1,1,1,1,4,1,1,1,1,1,1,0,1,1,1,1,1,2,1,0,3,1,1,1,1
Jan-14-2012,6,1,1,1,1,1,1,1,0,1,1,1,1,2,1,1,1,1,1,1,1,2,1,1,1,1,1,1,1,1,1,1,1,2,1,1,1,1,1,1,0,1,1,1,1,2,3,3,0,2,1,1,1,1
Jan-21-2012,9,1,1,1,1,1,1,1,0,1,1,1,1,2,1,1,1,1,1,1,2,2,1,1,1,1,1,1,1,1,1,1,1,3,1,1,1,1,1,1,0,1,2,2,1,2,2,1,0,3,2,1,1,1
Jan-28-2012,10,2,1,1,3,2,1,1,0,1,1,1,1,2,1,1,1,1,1,1,2,2,1,1,1,2,1,1,1,1,1,1,1,2,1,1,1,2,1,1,0,1,1,3,1,2,2,1,0,2,1,1,1,1
Feb-04-2012,10,1,2,1,4,1,1,1,0,1,1,1,2,4,2,1,1,1,1,1,2,2,1,1,2,6,1,3,2,1,1,1,1,2,1,1,1,1,1,1,0,1,2,5,1,3,4,1,0,2,3,1,1,1
Feb-11-2012,10,1,1,1,2,2,1,1,0,1,1,1,1,4,1,1,3,1,3,1,4,2,1,1,2,6,1,1,4,1,1,1,1,2,1,2,1,1,1,1,0,1,1,4,1,3,4,1,0,2,3,1,1,1
Feb-18-2012,10,1,3,1,3,2,1,1,0,1,1,1,5,5,1,1,5,1,3,1,4,2,1,2,2,8,1,1,3,1,1,1,1,2,1,1,1,4,2,1,0,1,1,7,1,4,4,1,0,2,2,1,1,1
Feb-25-2012,10,1,3,2,4,3,1,1,0,1,1,1,2,6,3,1,6,1,3,1,3,2,1,1,2,7,1,1,3,1,1,2,1,3,3,1,1,9,1,1,0,1,1,5,2,5,4,2,0,2,3,1,1,1
Mar-03-2012,10,1,2,4,2,3,1,1,0,1,1,1,3,6,3,1,7,1,2,1,2,1,1,3,5,9,1,3,3,1,1,4,1,2,2,1,1,8,1,1,0,1,1,5,2,5,3,1,0,2,3,1,1,1
Mar-10-2012,10,1,2,8,2,3,1,1,0,2,1,1,2,8,4,1,7,1,4,1,3,1,2,2,5,7,1,1,3,1,1,1,1,2,2,1,1,10,1,1,0,1,1,4,2,5,4,1,0,2,5,1,1,1
Mar-17-2012,10,2,2,10,4,3,1,1,0,1,1,1,5,10,5,2,5,1,3,1,3,2,3,3,6,6,2,1,4,1,1,2,1,3,1,5,1,10,2,1,0,1,1,4,5,6,6,2,0,2,4,1,3,2
Mar-24-2012,5,1,2,4,2,2,1,1,0,1,1,3,5,6,4,1,2,1,2,1,2,2,2,3,2,1,1,1,3,1,1,1,1,3,2,3,1,3,7,1,0,1,1,1,2,4,4,3,0,2,1,1,1,1
Mar-31-2012,5,1,2,1,2,1,1,1,0,1,1,4,3,3,2,1,1,1,3,1,1,1,1,1,3,1,1,1,2,1,1,1,1,2,1,1,1,1,1,1,0,1,1,1,1,4,4,4,0,1,3,1,1,2
Apr-07-2012,4,3,2,1,1,1,1,1,0,1,1,4,4,3,3,1,1,1,1,1,1,2,1,2,2,1,1,1,2,1,1,1,1,3,1,2,1,1,1,1,0,1,1,1,1,3,2,4,0,1,3,1,1,1
Apr-14-2012,3,5,2,1,1,1,1,1,0,1,1,3,2,3,1,1,1,1,1,1,1,1,1,1,1,1,1,1,1,1,1,1,1,2,1,2,1,1,3,1,0,1,1,1,1,2,2,2,0,1,3,1,1,1
Apr-21-2012,5,4,1,1,1,1,1,1,0,1,1,3,3,2,1,1,1,1,1,1,1,2,1,1,1,1,1,1,1,1,1,1,1,2,1,1,1,1,1,1,0,1,1,1,1,2,1,3,0,1,5,1,1,1
Apr-28-2012,6,3,1,1,1,1,1,1,0,1,1,3,2,2,1,1,1,1,1,1,1,1,1,1,1,1,1,1,1,1,1,1,1,1,1,1,1,1,1,1,0,1,1,1,1,1,1,2,0,1,4,1,1,1
May-05-2012,6,3,1,1,1,1,1,1,0,1,1,3,2,2,1,1,1,1,1,1,1,1,1,1,1,1,1,1,1,1,1,1,1,1,1,1,1,1,1,1,0,1,1,1,1,1,1,1,0,1,6,1,1,1
May-12-2012,5,2,1,1,1,1,1,1,0,1,1,4,2,1,1,1,1,1,1,1,3,1,1,1,1,1,1,1,1,1,1,1,1,2,1,1,1,1,1,1,0,1,1,1,1,1,1,1,0,1,4,1,1,1
May-19-2012,7,1,1,1,1,1,1,1,0,1,1,4,2,1,1,1,1,1,1,1,1,1,1,1,1,1,1,1,1,1,1,1,1,1,1,1,1,1,1,1,0,1,1,1,1,2,1,1,0,1,1,1,1,1
May-26-2012,3,1,1,1,1,1,1,1,0,2,1,4,2,1,1,1,1,1,1,1,2,1,1,1,1,1,1,1,1,1,1,1,1,1,1,1,1,1,1,1,0,1,1,1,1,2,1,1,0,1,1,1,1,1
Jun-02-2012,2,1,1,1,1,1,1,0,0,2,1,4,1,1,1,1,1,1,1,1,1,1,1,1,1,1,1,1,1,1,1,1,1,1,1,1,1,1,1,1,0,1,1,1,1,1,1,1,0,1,1,1,1,1
Jun-09-2012,1,1,1,1,1,1,1,0,0,2,1,1,1,1,1,1,1,1,1,1,1,1,1,1,1,1,1,1,1,1,1,1,1,1,1,1,1,1,1,1,0,1,1,1,1,1,1,1,0,1,1,1,1,1
Jun-16-2012,1,1,1,1,1,1,1,0,0,2,1,1,1,1,1,1,1,1,1,1,0,1,1,1,1,1,1,1,1,1,1,1,1,1,1,1,1,1,1,1,0,1,1,1,1,1,1,1,0,1,1,1,1,1
Jun-23-2012,1,1,1,1,1,1,1,0,0,2,1,1,1,1,1,1,1,1,1,1,0,1,1,1,1,1,1,1,1,1,1,1,1,1,1,1,1,1,1,1,0,1,1,1,1,1,1,1,0,1,1,1,1,1
Jun-30-2012,1,1,1,1,1,1,1,0,0,1,1,1,1,1,1,1,1,1,1,1,0,1,1,1,1,1,1,1,1,1,1,1,1,1,1,1,1,1,1,1,0,1,1,1,1,1,1,1,0,1,0,1,1,1
Jul-07-2012,1,1,1,0,1,1,1,0,0,1,1,1,1,1,1,1,1,1,1,1,0,1,1,1,1,1,1,1,1,1,1,1,1,1,1,1,1,1,1,1,0,1,1,1,1,1,1,1,0,1,0,1,1,1
Jul-14-2012,1,1,1,1,1,1,1,0,0,1,1,1,1,1,1,1,1,1,1,1,0,1,1,1,1,1,1,1,1,1,1,1,1,1,1,1,1,1,1,1,0,1,1,1,1,1,1,1,0,1,0,1,1,1
Jul-21-2012,1,1,1,1,1,1,1,0,0,1,1,1,1,1,1,1,1,1,1,1,0,1,1,1,1,1,1,1,1,1,1,1,1,1,1,1,1,1,1,1,0,1,1,1,1,1,1,1,0,1,0,1,1,1
Jul-28-2012,1,1,1,1,1,1,1,0,0,1,1,1,1,1,1,1,1,1,1,1,0,1,1,1,1,1,1,1,1,1,1,1,1,1,1,1,1,1,1,1,0,1,1,1,1,1,1,1,0,1,0,1,1,1
Aug-04-2012,1,1,1,0,1,1,1,0,0,1,1,1,1,1,1,1,1,1,1,1,0,1,1,1,1,1,1,1,1,1,1,1,1,1,1,1,1,1,1,1,0,1,1,1,1,1,1,1,0,1,0,1,1,1
Aug-11-2012,1,1,1,0,1,1,1,0,0,1,1,1,1,1,1,0,1,1,1,1,0,1,1,1,1,1,1,1,1,1,1,1,1,1,1,1,1,1,1,1,0,1,1,1,1,1,1,1,0,1,0,1,1,1
Aug-18-2012,1,1,1,0,1,1,1,0,0,1,1,1,1,1,1,0,1,1,1,1,0,1,1,1,1,1,1,1,1,1,1,1,1,1,1,1,1,1,1,1,0,1,1,1,1,1,1,1,0,1,0,1,1,1
Aug-25-2012,1,1,1,0,1,1,1,0,0,1,1,1,1,1,1,0,1,1,1,1,0,1,1,1,1,1,1,1,1,1,1,1,1,1,1,1,1,1,1,1,0,1,1,1,1,1,1,3,0,1,0,1,1,1
Sep-01-2012,1,1,1,0,1,1,1,0,0,1,1,1,1,1,1,1,1,1,1,1,0,1,1,1,1,1,1,1,1,1,1,1,1,1,1,1,1,1,1,1,0,1,1,0,1,1,1,1,0,1,0,1,1,1
Sep-08-2012,1,1,1,0,1,1,1,0,0,1,1,1,1,1,1,1,1,1,1,1,0,1,1,1,1,1,1,1,1,1,1,1,1,1,1,1,1,1,1,1,0,1,1,1,1,1,1,1,0,1,0,1,1,1
Sep-15-2012,1,1,1,0,1,1,1,0,0,1,1,1,1,1,1,1,1,1,1,1,0,1,1,1,1,1,1,1,2,1,1,1,1,1,1,1,1,1,1,1,0,1,1,1,1,1,1,1,0,1,0,1,1,1
Sep-22-2012,1,1,1,0,1,1,1,0,0,1,1,1,1,1,1,1,1,1,1,1,1,1,1,1,1,1,1,1,1,1,1,1,1,1,1,1,1,1,1,1,0,1,1,1,1,1,1,1,0,1,0,1,1,1
Sep-29-2012,1,1,1,0,1,1,1,0,0,1,1,1,2,2,1,1,1,1,1,1,3,1,1,1,1,1,1,1,1,1,1,1,1,1,1,1,1,1,1,1,0,1,1,1,1,2,1,1,0,1,0,1,1,1
Oct-06-2012,1,1,1,1,1,1,1,1,0,1,1,2,1,1,1,1,1,1,3,1,1,1,1,1,1,1,1,1,1,1,1,1,1,1,1,1,1,1,1,1,0,1,1,1,1,1,1,1,0,1,1,1,1,1
Oct-13-2012,1,1,1,1,1,1,1,1,0,1,1,2,1,1,1,1,1,1,3,1,1,1,1,1,1,1,1,1,1,1,2,1,1,1,1,1,1,1,1,1,0,1,1,1,1,2,1,1,0,2,1,1,1,1
Oct-20-2012,1,1,1,1,1,1,1,1,0,1,1,2,1,1,1,1,1,1,3,1,1,2,1,1,1,1,1,1,1,1,1,1,1,1,1,1,1,1,1,1,0,1,1,2,1,1,1,1,0,1,1,1,1,1
Oct-27-2012,1,1,1,1,1,1,1,1,0,1,1,2,1,1,1,1,1,1,4,1,1,1,1,1,1,1,1,1,1,1,1,1,1,1,1,1,1,1,1,1,0,1,1,1,1,3,1,1,0,2,1,1,1,1
Nov-03-2012,1,2,1,1,1,1,1,1,0,1,1,2,1,2,1,1,2,1,4,1,1,1,1,1,2,1,1,1,1,1,1,1,1,2,1,1,1,1,1,1,0,1,1,1,1,4,2,1,0,2,1,1,1,1
Nov-10-2012,1,2,1,1,1,2,1,1,0,1,2,2,1,3,1,1,1,1,7,1,1,1,1,1,5,2,1,1,1,1,2,1,1,1,2,2,1,1,1,1,0,1,1,1,2,5,1,1,0,2,1,1,1,1
Nov-17-2012,4,1,1,1,1,2,1,1,0,2,4,2,3,2,1,1,1,1,7,1,1,1,1,1,8,4,1,1,1,1,1,1,1,1,2,1,1,1,1,1,0,1,1,1,3,5,2,1,0,3,2,1,1,1
Nov-24-2012,10,3,1,1,1,2,1,2,0,2,6,4,3,3,1,1,1,1,10,1,1,1,1,1,10,6,1,1,1,1,1,1,1,3,3,2,3,1,1,1,0,1,3,1,10,10,4,1,0,4,2,1,1,1
Dec-01-2012,10,2,1,1,1,3,1,1,0,2,7,2,2,4,1,1,1,1,9,1,1,1,1,1,10,5,1,2,1,1,3,1,1,3,4,1,3,1,1,1,0,1,5,2,6,7,4,1,0,4,1,1,1,1
Dec-08-2012,10,2,1,1,1,4,1,4,0,3,9,3,2,6,4,2,4,1,10,1,1,3,2,1,10,5,1,1,1,1,3,1,1,5,10,1,5,1,1,1,0,2,10,2,10,10,4,1,0,6,1,1,1,5
Dec-15-2012,10,6,2,4,1,5,1,5,0,4,10,3,2,9,10,3,5,1,10,1,4,4,2,3,10,7,1,4,2,1,3,1,4,6,10,1,7,1,3,2,0,5,10,2,10,10,9,3,0,10,1,3,1,5
Dec-22-2012,10,4,3,10,1,7,3,6,0,5,10,3,4,10,10,1,7,1,10,2,7,7,6,6,10,10,2,8,2,4,8,2,5,8,10,7,10,5,1,4,0,7,10,5,10,10,8,5,0,10,3,3,3,10
Dec-29-2012,10,8,6,8,7,9,6,10,0,9,10,3,7,10,10,7,10,3,10,8,10,10,10,10,10,10,1,10,4,5,10,10,10,10,10,7,10,8,7,6,0,10,10,5,10,10,10,8,0,10,7,8,6,10
Jan-05-2013,10,4,6,8,2,8,8,10,3,6,9,6,5,10,10,8,10,3,10,4,5,7,9,10,10,10,1,10,4,5,10,8,6,10,10,8,9,8,6,3,0,8,6,5,10,10,10,7,0,10,7,8,7,10
Jan-12-2013,10,4,6,10,3,9,10,10,5,4,7,6,7,9,9,6,10,2,10,4,10,6,8,9,10,10,1,10,6,8,10,6,6,10,8,10,7,8,6,6,0,9,5,5,9,10,10,9,0,10,5,7,8,10
Jan-19-2013,10,5,9,10,6,10,8,10,7,5,6,8,5,8,10,7,10,4,10,5,8,5,9,7,8,10,2,10,8,5,10,7,8,10,7,9,7,10,8,8,0,7,3,6,5,10,10,10,0,10,8,10,6,10
Jan-26-2013,9,1,10,10,9,10,6,10,6,3,4,10,7,7,6,7,10,4,10,1,6,6,10,6,8,10,2,10,10,2,10,10,7,10,5,6,6,10,10,4,0,3,2,5,3,10,10,10,0,6,9,8,5,10
Feb-02-2013,7,5,8,7,10,8,5,8,4,4,4,9,5,7,7,4,10,3,8,1,4,4,7,6,7,10,2,10,6,1,10,7,4,9,4,4,4,10,8,1,0,4,2,6,4,10,10,10,0,9,6,6,5,8
Feb-09-2013,5,2,7,5,8,7,3,5,4,3,4,4,6,6,6,3,10,2,7,1,2,4,7,7,6,9,2,7,9,1,9,4,4,8,2,5,3,5,7,1,0,1,2,6,3,9,9,9,0,7,5,1,2,6
Feb-16-2013,7,1,6,2,6,5,2,4,3,2,4,3,4,6,5,2,8,2,5,1,2,3,6,6,4,6,1,6,9,1,10,3,5,6,1,4,2,3,6,2,0,1,2,5,5,7,7,9,0,7,4,1,1,5
Feb-23-2013,4,1,4,1,4,5,3,4,3,2,4,3,3,4,5,1,8,2,5,1,3,3,5,3,5,5,2,4,8,1,6,2,5,7,1,2,4,6,6,1,0,1,2,3,2,5,6,4,0,7,3,2,1,4
Mar-02-2013,4,1,4,1,2,4,2,2,2,1,4,4,1,5,5,1,3,2,3,1,3,2,5,3,5,3,1,4,7,1,4,1,3,5,1,2,3,1,4,1,0,1,2,3,1,5,5,6,0,7,3,1,1,1
Mar-09-2013,4,1,2,1,3,3,2,2,3,2,5,5,1,4,4,2,2,2,4,1,8,3,4,3,6,3,1,1,5,1,6,1,2,6,1,4,1,1,1,1,0,1,3,3,4,5,4,4,0,7,2,2,1,1
Mar-16-2013,5,1,2,1,1,3,1,2,2,2,1,2,1,5,4,1,1,2,5,1,3,2,6,4,7,2,3,1,6,1,6,1,3,5,2,3,1,1,3,1,0,1,3,3,3,4,4,1,0,6,1,1,1,1
Mar-23-2013,5,1,1,1,1,2,1,2,2,2,1,2,1,4,3,1,1,1,3,1,2,2,5,1,2,1,1,1,3,1,4,1,2,4,1,2,1,1,1,1,0,1,3,3,2,3,2,1,0,5,1,1,1,1
Mar-30-2013,2,1,1,1,1,2,1,1,1,2,1,1,1,4,1,1,1,1,3,1,4,3,3,1,2,1,1,1,3,1,5,1,1,4,2,1,1,1,1,1,0,1,3,3,2,3,2,3,0,5,1,2,1,1
Apr-06-2013,1,1,1,1,1,1,1,1,2,1,1,1,1,3,1,1,1,1,3,1,1,3,2,1,2,1,1,1,3,1,3,1,1,3,1,1,1,1,1,1,0,1,2,1,1,3,2,4,0,4,1,1,1,1
Apr-13-2013,1,1,1,1,1,1,1,1,0,1,1,3,1,2,1,1,1,1,1,1,1,3,2,1,1,1,1,1,2,1,2,1,1,2,1,1,1,1,1,1,0,1,1,1,1,2,1,6,0,3,1,1,1,1
Apr-20-2013,1,1,1,1,1,1,1,1,0,1,1,1,1,2,1,1,1,1,1,1,1,2,2,1,1,1,1,1,1,1,1,1,1,2,1,1,1,1,1,1,0,1,1,1,1,2,1,5,0,1,1,1,1,1
Apr-27-2013,1,1,1,1,1,1,1,1,0,1,1,3,1,1,1,1,1,1,1,1,1,1,1,1,1,1,1,1,1,1,1,1,1,2,1,1,1,1,1,1,0,1,1,1,1,2,1,1,0,1,1,1,1,1
May-04-2013,1,1,1,1,1,1,1,1,0,1,1,2,1,1,1,1,1,1,1,1,1,1,1,1,1,1,1,1,1,1,2,1,1,2,1,1,1,1,1,1,0,1,1,1,1,1,1,3,0,1,1,1,1,1
May-11-2013,1,1,1,1,1,1,1,1,0,1,1,4,1,1,1,1,1,1,1,1,1,1,1,1,1,1,1,1,1,1,1,1,1,1,1,1,1,1,1,1,0,1,1,1,1,1,1,1,0,1,1,1,1,1
May-18-2013,1,1,1,1,1,1,1,1,0,1,1,3,1,1,1,1,1,1,1,1,1,1,1,1,1,1,1,1,1,1,2,1,1,1,1,1,1,1,1,1,0,1,1,1,1,1,1,1,0,1,1,1,1,1
May-25-2013,1,1,1,1,1,1,1,0,0,1,1,1,1,1,1,1,1,1,1,1,1,1,1,1,1,1,1,1,1,1,1,1,1,1,1,1,1,1,1,1,0,1,1,1,1,1,1,2,0,1,1,1,1,1
Jun-01-2013,1,1,1,1,1,1,1,0,0,1,1,1,1,1,1,1,1,1,1,1,1,1,2,1,1,1,1,1,1,1,1,1,1,1,1,1,1,1,1,1,0,1,1,1,1,1,1,1,0,1,1,1,1,1
Jun-08-2013,1,1,1,1,1,1,0,0,0,1,1,1,1,1,1,1,1,0,1,1,1,1,2,1,1,1,1,1,1,1,1,1,1,1,1,1,1,1,1,1,0,1,1,1,1,1,1,1,0,1,1,1,1,1
Jun-15-2013,1,1,1,1,1,1,0,0,0,1,1,3,1,1,1,1,1,1,1,1,1,1,1,1,1,1,1,1,1,1,1,1,1,1,1,1,1,1,1,1,0,1,1,1,1,1,1,1,0,1,1,1,1,1
Jun-22-2013,1,1,1,1,1,1,0,0,0,1,1,1,1,1,1,1,1,0,1,1,1,1,2,1,1,1,1,1,1,1,2,1,1,1,1,1,1,1,1,1,0,1,1,0,1,2,1,1,0,1,1,1,1,1
Jun-29-2013,1,1,1,1,1,1,0,0,0,1,1,1,1,1,1,1,1,1,1,1,1,1,1,1,1,1,1,1,1,1,2,1,1,1,1,1,1,1,1,1,0,1,1,1,1,1,1,1,0,1,1,1,1,1
Jul-06-2013,1,1,1,1,1,1,0,0,0,1,1,1,1,1,1,1,1,1,1,1,1,1,2,1,1,1,1,1,1,1,1,1,1,1,1,1,1,1,1,1,0,1,1,1,1,1,1,1,0,1,1,1,1,1
Jul-13-2013,1,1,1,1,1,1,0,0,0,1,1,1,1,1,1,1,1,1,1,1,1,1,1,1,1,1,1,1,1,1,1,1,1,1,1,1,1,1,1,1,0,1,1,1,1,1,1,1,0,1,1,1,1,1
Jul-20-2013,1,1,1,1,1,1,0,0,0,1,1,1,1,1,1,1,1,0,1,1,1,1,2,1,1,1,1,1,1,1,1,1,1,1,1,1,1,1,1,1,0,1,1,1,1,1,1,1,0,1,1,1,1,1
Jul-27-2013,1,1,1,1,1,1,0,0,0,1,1,1,1,1,1,1,1,1,1,1,1,1,1,1,1,1,1,1,1,1,1,1,1,1,1,1,1,1,1,1,0,1,1,1,1,1,1,1,0,1,1,1,1,1
Aug-03-2013,1,1,1,1,1,1,0,0,0,1,1,1,1,1,1,1,1,1,1,1,1,1,1,1,1,1,1,1,1,1,1,1,1,1,1,1,1,1,1,1,0,1,1,1,1,1,1,1,0,1,1,1,1,1
Aug-10-2013,1,1,1,1,1,1,0,0,0,1,1,1,1,1,1,0,1,1,1,1,1,1,1,1,1,1,1,1,1,1,3,1,1,1,1,0,1,1,1,1,0,1,1,1,1,1,1,1,0,1,1,1,1,1
Aug-17-2013,1,1,1,1,1,1,0,0,0,1,1,1,1,1,1,0,1,0,1,1,1,1,1,1,1,1,1,1,1,1,1,1,1,1,1,0,1,1,1,1,0,1,1,1,1,1,1,1,0,1,1,1,1,1
Aug-24-2013,1,1,1,1,1,1,0,0,0,1,1,1,1,1,1,0,1,0,1,1,1,1,1,1,1,1,1,1,1,1,1,1,1,1,1,0,1,1,1,1,0,1,1,1,1,1,1,1,0,1,1,1,1,1
Aug-31-2013,1,1,1,1,1,1,0,0,0,1,1,1,1,1,1,0,1,0,1,1,1,1,1,1,1,1,1,1,1,1,1,1,1,1,1,0,1,1,1,1,0,1,1,1,1,1,1,1,0,1,1,1,1,1
Sep-07-2013,1,1,1,1,1,2,1,0,0,1,1,1,1,1,1,0,1,0,1,1,1,1,1,1,1,1,1,1,1,1,1,1,1,1,1,0,1,1,1,1,0,1,1,2,1,2,1,1,0,1,1,1,1,1
Sep-14-2013,1,1,1,1,1,1,1,0,0,1,1,1,1,1,1,0,1,0,1,1,1,1,2,1,1,1,1,1,1,1,1,1,1,1,1,0,1,1,1,1,0,1,1,1,1,3,1,1,0,1,1,1,1,1
Sep-21-2013,1,1,1,1,1,1,1,0,0,1,1,1,1,1,1,0,1,0,1,1,1,1,2,1,1,1,1,1,1,1,1,1,1,1,0,0,1,1,1,1,0,1,1,1,1,3,1,1,0,1,1,1,1,1
Sep-28-2013,1,1,1,0,1,1,6,0,0,1,1,1,1,1,1,1,1,1,1,1,1,1,1,1,1,1,1,1,1,1,1,1,1,1,1,0,1,1,1,1,0,1,1,1,1,4,1,4,0,1,1,1,1,1
Oct-05-2013,1,1,1,1,1,2,1,1,5,1,1,1,1,1,1,1,1,1,2,1,1,1,1,1,1,1,1,1,1,1,1,1,1,1,1,1,1,1,1,1,0,1,1,1,1,2,1,1,0,1,1,1,1,1
Oct-12-2013,1,1,1,1,1,2,1,1,7,1,1,1,1,1,1,1,1,1,2,1,1,1,1,1,1,1,1,1,1,1,1,1,1,1,1,1,1,1,1,1,0,1,1,1,1,3,1,1,0,1,1,1,1,1
Oct-19-2013,1,1,1,1,1,1,1,1,6,1,1,1,1,1,1,1,1,1,3,1,1,1,1,1,3,1,1,1,1,1,1,1,1,1,1,1,1,1,1,1,0,1,1,1,1,3,2,1,0,2,1,1,1,1
Oct-26-2013,4,1,1,1,1,2,1,2,8,1,1,1,1,1,1,1,1,2,4,1,1,1,1,2,5,1,1,1,1,1,1,1,1,1,1,1,1,1,1,1,0,1,1,1,1,3,2,1,0,2,1,1,1,1
Nov-02-2013,3,1,1,2,1,1,3,1,5,1,1,1,1,1,1,1,1,2,4,1,1,1,1,2,6,1,1,1,1,1,1,1,1,2,1,1,1,1,1,1,0,1,1,1,1,3,2,1,0,2,1,1,1,1
Nov-09-2013,5,1,1,1,1,2,3,2,8,1,1,1,1,1,1,1,1,2,5,1,1,1,1,1,7,1,1,1,1,1,1,1,1,2,1,1,1,3,1,1,0,1,1,1,1,5,2,1,0,2,1,1,1,1
Nov-16-2013,5,1,1,1,1,2,1,2,9,1,1,1,1,1,1,1,1,2,5,1,1,1,1,1,8,1,1,1,1,1,1,1,1,2,1,1,1,4,1,1,0,1,1,1,1,6,2,1,0,2,1,1,1,1
Nov-23-2013,6,1,1,1,1,2,1,1,9,1,1,1,1,1,1,1,1,2,4,1,1,1,1,1,8,1,1,1,1,1,1,1,1,2,1,1,1,3,1,1,0,1,2,1,1,8,3,1,0,3,1,1,1,1
Nov-30-2013,7,1,1,3,1,2,1,2,7,3,2,1,1,2,1,1,1,1,8,1,1,1,3,1,10,1,1,1,3,1,2,1,1,4,1,1,1,1,1,1,0,1,3,1,1,10,3,1,0,3,1,1,1,1
Dec-07-2013,10,1,1,3,1,4,1,2,10,1,3,1,1,2,1,1,1,2,8,1,1,1,2,1,10,3,1,1,3,1,1,1,1,4,1,1,1,5,1,1,0,1,5,1,2,10,5,2,0,3,1,1,1,1
Dec-14-2013,10,2,1,1,1,4,1,2,9,1,2,2,1,4,1,1,2,2,10,1,1,2,1,1,10,4,1,1,3,1,1,2,1,4,2,1,1,6,1,1,0,1,4,1,2,10,4,1,0,4,1,1,2,1
Dec-21-2013,10,7,2,4,2,6,1,4,10,3,6,3,2,4,4,1,6,3,8,1,1,2,3,4,10,10,1,1,6,1,2,5,1,5,3,1,1,8,2,1,0,1,8,2,6,10,6,4,0,5,1,1,1,1
Dec-28-2013,10,10,3,10,7,8,1,6,9,5,9,1,9,9,10,1,10,5,10,1,3,4,5,7,10,10,6,2,10,1,3,9,3,7,9,3,3,10,6,5,0,1,8,4,10,10,10,7,0,8,4,2,4,2
Jan-04-2014,10,8,3,10,8,8,1,4,10,3,5,2,10,9,7,1,10,6,10,1,4,4,6,7,10,10,5,3,9,1,7,10,4,7,8,3,4,10,8,5,0,2,8,4,10,10,7,6,0,9,5,3,3,4
Jan-11-2014,10,8,3,10,7,7,1,5,10,3,2,4,10,6,6,1,10,6,10,1,2,2,5,5,10,8,2,2,8,1,5,10,1,5,4,1,3,10,8,4,0,3,6,4,10,10,7,6,0,9,6,4,3,4
Jan-18-2014,6,5,5,10,7,6,1,6,9,3,2,4,7,4,4,1,10,5,10,1,3,4,3,7,9,7,1,3,6,1,5,9,3,6,7,1,2,10,7,5,0,4,3,2,10,10,6,5,0,10,5,6,4,5
Jan-25-2014,9,4,6,10,8,5,4,7,8,4,3,6,3,4,6,1,10,4,10,1,2,3,3,8,7,7,1,5,4,1,4,7,4,6,6,2,3,10,4,6,0,2,4,3,9,10,6,10,0,10,5,6,6,4
Feb-01-2014,8,4,6,10,6,5,6,6,10,4,3,6,3,2,5,1,10,4,8,2,2,3,3,5,6,7,1,3,5,1,6,7,5,4,6,1,2,10,1,5,0,2,5,4,6,10,4,8,0,8,4,3,2,3
Feb-08-2014,5,3,5,9,4,4,7,7,10,4,1,7,1,2,3,1,6,4,7,2,3,4,3,4,5,4,1,3,4,1,6,4,7,4,2,1,1,10,1,4,0,4,2,3,6,8,4,6,0,7,4,2,4,2
Feb-15-2014,3,3,4,7,4,3,4,6,7,2,1,7,1,1,1,1,4,3,5,1,2,3,3,4,4,3,1,1,3,1,6,5,4,4,3,1,1,5,1,2,0,2,3,3,3,8,4,5,0,7,3,2,2,2
Feb-22-2014,1,1,3,3,3,3,6,4,8,2,1,9,1,1,1,1,4,3,4,2,1,2,3,6,2,2,1,1,1,1,3,3,1,3,1,1,1,9,1,2,0,1,1,2,2,7,5,2,0,5,3,1,3,2
Mar-01-2014,1,1,3,1,2,3,5,4,0,1,1,8,1,1,1,1,4,2,4,1,1,2,1,3,2,2,1,1,2,1,4,1,1,2,1,1,1,5,1,1,0,1,1,2,1,8,3,4,0,5,1,1,4,1
Mar-08-2014,1,1,2,2,1,2,5,5,0,1,1,8,1,1,1,1,2,2,4,1,1,2,2,5,2,2,1,1,1,1,4,1,1,4,1,1,1,4,1,1,0,1,1,3,1,7,3,2,0,4,1,1,3,1
Mar-15-2014,1,1,2,1,1,2,1,2,0,1,1,5,1,1,1,1,3,1,2,1,1,2,2,3,1,2,1,1,2,1,4,1,1,5,1,1,1,3,1,1,0,1,1,1,1,7,3,3,0,3,1,1,2,1
Mar-22-2014,1,1,1,1,1,2,6,3,0,1,1,1,1,1,1,1,1,1,3,1,1,3,2,3,1,1,1,1,1,1,4,1,2,7,1,1,1,2,1,1,0,2,1,1,1,6,4,2,0,3,1,1,3,1
Mar-29-2014,1,1,1,1,1,2,6,3,0,1,1,2,1,1,1,1,1,1,2,1,1,2,1,3,1,1,1,1,1,1,5,1,3,8,1,1,1,1,1,1,0,1,1,1,1,6,3,2,0,3,2,1,2,1
Apr-05-2014,1,1,1,1,1,2,6,4,0,1,1,2,1,1,1,1,1,1,2,1,1,3,1,4,1,2,1,1,1,1,4,1,4,7,1,1,1,1,1,1,0,3,1,1,1,6,3,4,0,3,2,1,1,1
Apr-12-2014,1,1,1,1,1,2,5,3,0,1,1,1,1,1,1,1,1,1,2,1,1,4,1,2,1,1,1,1,1,1,5,1,4,6,1,1,1,1,1,1,0,4,1,1,1,6,2,3,0,3,1,1,2,1
Apr-19-2014,1,1,1,1,1,2,5,1,0,1,1,2,1,1,1,1,1,1,2,1,1,3,1,2,1,1,1,1,1,1,4,1,2,4,1,1,1,1,1,1,0,4,1,1,1,5,2,3,0,2,1,1,3,1
Apr-26-2014,1,1,1,1,1,1,5,1,0,1,1,1,1,1,1,1,1,1,2,1,1,3,1,3,1,1,1,1,1,1,2,1,1,3,1,1,1,1,1,1,0,3,1,1,1,5,3,1,0,1,2,1,2,1
May-03-2014,1,1,1,1,1,2,5,1,0,1,1,1,1,1,1,1,1,1,1,1,1,2,1,3,1,1,1,1,1,1,2,1,1,1,1,1,1,1,1,1,0,2,1,1,1,3,2,1,0,2,1,1,1,1
May-10-2014,1,1,1,1,1,1,4,1,0,1,1,1,1,1,1,1,1,1,1,1,1,2,1,2,1,1,1,1,1,1,3,1,1,2,1,1,1,1,1,1,0,1,1,2,1,4,2,1,0,1,1,1,3,1
May-17-2014,1,1,1,1,1,1,1,1,0,1,1,1,1,1,1,1,1,1,1,1,1,2,1,2,1,1,1,1,1,1,2,1,1,1,1,1,1,1,1,1,0,1,1,1,1,4,2,1,0,1,1,1,2,1
May-24-2014,1,1,1,1,1,1,0,1,0,1,1,3,1,1,1,1,1,1,1,1,1,1,1,3,1,1,1,1,1,1,1,1,1,1,1,1,1,1,1,1,0,1,1,1,1,4,2,1,0,1,1,1,2,1
May-31-2014,1,1,1,1,1,1,0,1,0,1,1,1,1,1,1,1,1,1,1,1,1,1,1,1,1,1,1,1,1,1,3,1,1,1,1,1,1,1,1,1,0,1,1,1,1,4,2,1,0,1,1,1,1,1
Jun-07-2014,1,2,1,1,1,2,0,1,0,1,1,1,0,1,1,1,1,1,1,1,1,1,1,1,1,1,1,1,1,1,2,1,1,1,1,1,1,1,1,1,0,1,1,1,1,4,1,1,0,1,1,1,1,1
Jun-14-2014,1,1,1,1,1,2,0,1,0,1,1,1,0,1,1,1,1,1,1,1,1,1,1,1,1,1,1,1,1,1,2,1,1,1,1,1,1,1,1,1,0,1,1,1,1,3,1,1,0,1,1,1,1,1
Jun-21-2014,1,0,1,1,1,3,0,1,0,1,1,1,0,1,1,1,1,1,1,1,1,1,1,1,1,1,1,1,1,1,1,1,1,1,1,1,1,1,1,1,0,1,1,1,1,2,1,1,0,1,2,1,1,1
Jun-28-2014,1,0,1,1,1,3,0,1,0,1,1,1,0,1,1,1,1,1,1,1,1,1,1,1,1,1,1,1,1,1,1,1,1,1,1,1,1,1,1,1,0,1,1,1,1,3,1,1,0,1,1,1,1,1
Jul-05-2014,1,0,1,1,1,3,0,1,0,1,1,1,0,1,1,1,1,1,1,1,1,1,1,1,1,1,1,1,1,1,1,1,1,1,1,1,1,1,1,1,0,1,1,1,1,2,1,1,0,1,1,1,1,1
Jul-12-2014,1,0,1,1,1,1,0,1,0,1,1,1,0,1,1,1,1,1,1,1,0,1,1,1,1,1,1,1,1,1,1,1,1,1,1,1,1,1,1,1,0,1,1,1,1,2,1,1,0,1,1,1,1,1
Jul-19-2014,1,0,1,1,1,2,0,1,0,1,1,1,0,1,1,1,1,1,1,1,1,1,1,1,1,1,1,1,1,1,1,1,1,1,1,1,1,1,1,1,0,1,1,1,1,2,1,1,0,1,1,1,1,1
Jul-26-2014,1,0,1,1,1,1,0,1,0,1,1,1,0,1,1,1,1,1,1,1,1,1,1,1,1,1,1,1,1,1,1,1,1,1,1,1,1,1,1,1,0,1,1,1,1,1,1,1,0,1,1,1,1,1
Aug-02-2014,1,0,1,1,1,2,0,1,0,1,1,1,0,1,1,1,1,1,1,1,1,1,1,1,1,1,1,1,1,1,1,1,1,1,1,1,1,1,1,1,0,1,1,1,1,2,1,1,0,1,2,1,1,1
Aug-09-2014,1,0,1,1,1,2,0,1,0,1,1,1,0,1,1,1,1,1,1,1,1,1,1,1,1,1,1,1,1,1,1,1,1,1,1,1,1,1,1,1,6,1,1,1,1,1,1,1,0,1,1,1,1,1
Aug-16-2014,1,0,1,1,1,2,0,1,0,1,1,1,0,1,1,1,1,1,1,1,0,1,1,1,1,1,1,1,1,1,1,1,1,1,1,1,1,1,1,1,4,1,1,1,1,1,1,1,0,1,1,1,1,1
Aug-23-2014,1,0,1,1,1,2,0,1,0,1,1,1,0,1,1,1,1,1,1,1,1,1,1,1,1,1,1,1,1,1,1,1,1,1,1,1,1,1,1,1,6,1,1,1,1,1,1,1,0,1,1,1,1,1
Aug-30-2014,1,0,1,1,1,3,0,1,0,1,1,1,0,1,1,1,1,1,1,1,0,1,1,1,1,1,1,1,1,1,1,1,1,1,1,0,1,1,1,1,9,1,1,1,1,1,1,1,0,1,1,1,1,1
Sep-06-2014,1,0,1,1,1,2,1,1,0,1,1,2,0,1,1,1,1,1,1,1,0,1,1,2,1,1,1,1,1,1,1,1,1,1,1,0,1,1,1,1,9,1,1,1,1,2,1,1,0,1,1,1,1,1
Sep-13-2014,1,0,1,1,1,2,0,1,0,1,1,2,0,1,1,1,1,1,1,1,0,1,1,1,1,1,1,3,1,1,1,1,1,1,1,0,1,1,1,1,9,1,1,1,1,3,1,1,0,1,1,1,1,1
Sep-20-2014,1,0,1,1,1,2,1,1,0,1,1,3,0,1,1,1,1,1,1,1,0,1,1,2,1,1,1,1,1,1,1,1,1,1,1,0,1,1,1,1,7,1,1,1,1,3,1,1,0,2,2,1,1,1
Sep-27-2014,1,0,1,1,1,2,1,1,0,1,1,1,0,1,1,1,1,1,1,1,1,1,1,1,1,1,1,1,1,1,2,1,1,1,1,0,1,1,1,1,4,1,1,1,1,3,1,1,0,2,1,1,1,1
Oct-04-2014,1,1,1,1,1,2,1,1,0,1,1,5,1,1,1,1,1,1,1,1,1,1,1,1,1,1,1,1,1,1,1,1,1,1,1,1,1,1,1,1,10,1,1,1,1,1,1,1,0,2,1,1,1,2
Oct-11-2014,1,1,1,1,1,2,1,1,0,2,1,6,1,1,1,2,1,1,2,1,1,1,1,1,1,1,1,1,1,1,5,1,1,2,1,1,1,2,1,1,4,1,1,1,1,1,1,1,0,3,3,1,1,1
Oct-18-2014,1,1,1,1,1,2,1,1,0,3,1,4,1,1,1,2,1,1,3,1,1,1,1,1,1,1,1,1,1,1,1,1,1,2,1,1,1,1,1,1,10,1,1,1,1,1,1,1,0,3,1,1,1,1
Oct-25-2014,1,1,1,1,1,2,1,1,0,2,1,5,1,1,1,2,1,1,3,1,1,1,1,1,1,1,1,1,1,1,1,1,1,2,1,1,1,1,1,1,10,1,1,1,1,1,2,1,0,2,1,1,1,1
Nov-01-2014,1,2,1,1,1,2,2,1,0,3,1,4,1,1,1,2,1,1,3,1,1,1,1,1,1,1,1,1,1,1,1,1,1,2,1,1,1,1,1,1,10,1,1,1,1,1,2,1,0,2,1,1,1,1
Nov-08-2014,1,4,1,1,1,2,3,1,0,3,1,6,3,1,1,2,1,1,4,1,1,1,1,1,2,1,1,1,1,1,1,1,1,2,1,1,1,1,1,1,10,1,2,1,1,1,2,1,0,2,1,1,1,1
Nov-15-2014,5,5,1,1,1,2,2,1,0,2,2,6,1,2,1,1,1,1,5,1,1,1,1,1,2,2,1,1,1,1,1,1,1,2,1,1,1,1,1,1,10,1,2,1,1,3,3,1,0,3,1,1,1,1
Nov-22-2014,10,4,1,1,1,1,2,1,0,4,6,3,3,3,2,2,2,1,9,1,1,1,1,2,6,1,1,1,1,1,2,1,1,2,1,1,1,1,1,1,10,1,2,1,1,6,3,1,0,3,1,1,1,1
Nov-29-2014,10,3,2,1,2,2,1,1,0,7,10,3,3,7,3,2,3,1,10,1,1,2,1,1,8,5,1,1,4,1,1,1,1,3,2,1,1,1,1,3,10,1,3,1,1,8,4,1,0,4,1,1,1,2
Dec-06-2014,9,3,2,3,1,3,1,1,0,5,10,4,3,9,6,2,4,3,10,1,2,2,1,2,10,5,1,1,2,1,2,1,1,3,2,1,1,1,1,2,10,1,4,1,3,9,5,1,0,5,2,2,2,2
Dec-13-2014,10,1,2,8,1,4,1,1,0,4,10,5,7,10,10,3,10,5,10,1,4,2,1,10,10,10,1,1,3,1,2,1,1,4,6,3,3,9,1,5,10,1,5,2,6,10,7,1,0,8,3,3,6,3
Dec-20-2014,10,3,2,10,2,6,1,1,0,8,10,9,9,10,10,3,10,9,10,1,7,3,4,10,10,10,1,5,4,1,5,6,3,4,10,5,7,7,1,9,10,1,10,3,10,10,9,1,0,10,5,9,10,5
Dec-27-2014,10,3,4,10,7,10,1,2,0,9,10,10,10,10,10,3,10,10,10,3,10,5,9,10,10,10,2,8,8,1,8,10,10,7,10,6,10,6,1,10,10,2,10,6,10,10,10,2,0,10,6,10,10,6
Jan-03-2015,10,3,5,9,8,10,1,4,0,6,4,10,10,8,10,3,10,10,10,2,10,5,7,10,10,10,1,7,10,1,7,10,8,7,10,6,10,9,1,10,10,2,10,5,10,10,10,7,0,10,5,10,9,7
Jan-10-2015,9,1,5,10,6,10,2,3,0,3,7,10,10,4,6,8,10,7,10,3,5,4,2,8,10,10,3,6,10,1,6,7,3,5,8,5,7,10,1,9,10,4,9,5,10,10,10,3,0,10,9,10,5,6
Jan-17-2015,10,1,7,10,7,9,5,10,0,3,4,10,10,2,6,5,10,4,10,6,5,6,2,7,9,7,4,5,9,1,5,7,10,6,8,10,4,10,3,8,10,6,5,7,6,10,8,6,0,10,10,10,3,7
Jan-24-2015,10,3,8,10,8,9,9,9,0,2,4,10,10,2,2,5,10,4,10,6,4,9,1,8,10,7,4,10,10,4,10,7,10,7,10,7,2,10,3,10,10,10,6,7,8,10,8,10,0,10,9,10,2,9
Jan-31-2015,10,1,7,10,9,9,10,7,0,2,4,10,10,2,1,5,10,4,9,7,4,7,1,6,10,9,5,8,8,3,10,6,10,7,7,6,1,10,1,10,10,10,5,4,9,10,7,10,0,10,8,10,1,8
Feb-07-2015,6,1,7,10,7,8,10,5,0,2,4,10,10,2,3,2,10,2,9,4,2,6,1,5,10,6,2,6,6,4,6,5,10,6,6,4,1,10,1,9,10,9,6,4,8,10,6,10,0,7,5,10,1,8
Feb-14-2015,9,1,4,10,6,6,10,2,0,2,4,10,7,3,2,2,10,2,7,2,1,5,1,4,10,5,1,2,6,2,7,5,10,5,6,1,1,10,1,5,10,6,4,4,5,10,5,10,0,5,4,10,2,6
Feb-21-2015,10,1,5,10,4,6,10,1,0,2,6,10,6,3,1,2,9,1,7,3,1,3,1,4,10,4,1,2,4,2,4,2,8,3,6,2,1,10,1,4,10,4,5,3,3,9,4,8,0,5,1,8,1,4
Feb-28-2015,8,1,4,6,4,4,8,1,0,1,5,10,5,3,1,2,9,1,6,2,1,2,1,3,10,5,1,2,2,1,7,3,4,2,5,1,1,10,1,3,10,2,4,3,2,7,3,5,0,3,2,3,2,4
Mar-07-2015,9,1,3,8,3,4,4,1,0,2,4,10,4,3,1,1,10,1,5,2,1,3,1,4,10,4,1,3,2,1,3,2,4,2,3,1,1,9,1,4,10,1,4,2,3,7,4,3,0,3,2,3,2,4
Mar-14-2015,6,1,2,6,3,4,4,1,0,2,3,10,5,3,3,1,9,1,6,1,1,3,1,4,9,4,2,4,3,1,2,2,2,2,2,2,1,10,1,1,10,1,3,3,1,7,2,1,0,2,2,1,2,3
Mar-21-2015,4,1,3,5,3,5,3,1,0,1,2,5,4,4,2,1,5,2,5,1,1,3,1,5,5,3,2,4,2,1,3,2,3,2,2,1,1,9,1,2,10,1,1,1,1,5,3,2,0,2,2,1,2,3
Mar-28-2015,1,1,1,2,2,3,2,1,0,1,2,7,2,4,1,1,4,1,4,1,1,3,1,8,5,2,2,4,1,1,2,1,2,2,1,1,1,8,1,2,10,1,2,2,1,5,3,1,0,3,1,2,1,2
Apr-04-2015,1,1,2,1,2,3,3,1,0,1,2,7,2,4,1,1,3,1,3,1,1,3,1,5,3,3,1,4,2,1,1,1,3,2,1,1,1,5,1,2,7,1,2,1,1,4,3,3,0,3,1,2,1,2
Apr-11-2015,1,1,1,1,1,2,2,1,0,1,1,9,2,3,1,1,2,1,3,1,1,3,1,3,2,3,1,1,1,1,1,1,2,2,1,1,1,4,1,1,7,1,1,1,1,3,3,1,0,3,1,3,1,1
Apr-18-2015,1,1,1,1,1,3,2,1,0,1,1,7,1,1,1,1,1,1,1,1,1,3,1,4,1,1,1,1,1,1,1,1,2,1,1,1,1,1,1,1,5,1,2,1,1,3,1,1,0,2,1,2,1,1
Apr-25-2015,1,1,1,1,1,2,1,1,0,1,1,4,2,1,1,1,1,1,1,1,1,2,1,2,1,1,1,1,1,1,1,1,1,1,1,1,1,1,1,1,7,1,1,1,1,1,3,1,0,2,1,1,1,1
May-02-2015,1,1,2,1,1,2,1,1,0,1,1,4,6,1,1,1,2,1,1,1,1,1,1,1,1,1,1,1,1,1,1,1,1,1,1,1,1,1,1,1,5,1,1,1,1,3,2,1,0,2,1,2,1,1
May-09-2015,1,1,1,1,1,2,1,1,0,1,1,6,1,1,1,1,1,1,1,1,1,2,1,1,1,1,1,1,1,1,1,1,1,2,1,1,1,1,1,1,3,1,1,1,1,2,2,1,0,2,1,1,1,1
May-16-2015,1,1,1,1,1,2,1,1,0,1,1,6,1,1,1,1,1,1,1,1,1,1,1,1,1,1,1,1,1,1,1,1,1,1,1,1,1,1,1,1,7,1,1,1,1,2,1,1,0,1,1,1,1,1
May-23-2015,1,1,1,1,1,1,1,1,0,1,1,5,3,1,1,1,1,1,1,1,1,1,1,2,1,1,1,1,1,1,1,1,1,1,1,1,1,1,1,1,3,1,1,1,1,2,1,1,0,1,1,1,1,1
May-30-2015,1,1,1,1,1,1,1,1,0,1,1,4,1,1,1,1,1,1,1,1,1,1,1,2,1,1,1,1,1,1,1,1,1,2,1,1,1,1,1,1,5,1,1,1,1,1,2,1,0,1,1,1,1,1
Jun-06-2015,1,1,1,1,1,1,1,1,0,1,1,5,1,1,1,1,1,1,1,1,1,1,1,1,1,1,1,1,1,1,1,1,1,1,1,1,1,1,1,1,1,1,1,1,1,1,1,1,0,1,1,1,1,1
Jun-13-2015,1,1,1,1,1,1,1,1,0,1,1,1,1,1,1,1,1,1,1,1,1,1,1,1,1,1,1,1,1,1,1,1,1,1,1,1,1,1,1,1,2,1,1,1,1,1,1,1,0,1,1,1,1,1
Jun-20-2015,1,2,1,1,1,1,1,1,0,1,1,1,1,1,1,1,1,1,1,1,1,1,1,1,1,1,1,1,1,1,1,1,1,1,1,1,1,1,1,1,1,1,1,1,1,1,1,1,0,1,1,1,1,1
Jun-27-2015,1,3,1,1,1,1,1,1,0,1,1,1,1,1,1,1,1,1,1,1,1,1,1,1,1,1,1,1,1,1,1,1,1,1,1,1,1,1,1,1,3,1,1,1,1,1,1,1,0,1,1,1,1,1
Jul-04-2015,1,2,1,1,1,1,1,1,0,1,1,1,1,1,1,1,1,1,1,1,1,1,1,1,1,1,1,1,1,1,1,1,1,1,1,1,1,1,1,1,3,1,1,1,1,1,1,1,0,1,1,1,1,1
Jul-11-2015,1,2,1,1,1,1,1,1,0,1,1,1,1,1,1,1,1,1,1,1,1,1,1,1,1,1,1,1,1,1,1,1,1,1,1,1,1,1,1,1,1,1,1,1,1,1,1,1,0,1,1,1,1,1
Jul-18-2015,1,1,1,1,1,1,1,1,0,1,1,1,1,1,1,1,1,1,1,1,1,1,1,1,1,1,1,1,1,1,1,1,1,1,1,1,1,1,1,1,1,1,1,1,1,1,1,1,0,1,1,1,1,1
Jul-25-2015,1,1,1,1,1,2,1,1,0,1,1,1,1,1,1,1,1,1,1,1,1,1,1,1,1,1,1,1,1,1,1,1,1,1,1,1,1,1,1,1,1,1,1,1,1,1,1,1,0,1,1,1,1,1
Aug-01-2015,1,1,1,1,1,2,1,1,0,1,1,1,1,1,1,1,1,1,1,1,1,1,1,1,1,1,1,1,1,1,1,1,1,1,1,0,1,1,1,1,1,1,1,1,1,1,1,1,0,1,1,1,1,1
Aug-08-2015,1,1,1,1,1,2,1,1,0,1,1,1,1,1,1,1,1,1,1,1,1,1,1,1,1,1,1,1,1,1,1,1,1,1,1,1,1,1,1,1,2,1,1,1,1,1,1,1,0,1,1,1,1,1
Aug-15-2015,1,1,1,1,1,1,1,1,0,1,1,1,1,1,1,1,1,1,1,1,1,1,1,1,1,1,1,1,1,1,1,1,1,1,1,1,1,1,1,1,1,1,1,1,1,1,1,1,0,1,1,1,1,1
Aug-22-2015,1,1,1,1,1,2,1,1,0,1,1,1,0,1,1,1,1,1,1,1,1,1,1,1,1,1,1,1,1,1,1,1,1,1,1,1,1,1,1,1,1,1,1,1,1,1,1,1,0,1,1,1,1,1
Aug-29-2015,1,1,1,1,1,2,0,1,0,1,1,1,0,1,1,1,1,1,1,1,1,1,1,1,1,1,1,1,1,1,1,1,1,1,1,1,1,1,1,1,1,1,1,1,1,1,1,1,0,1,1,1,1,1
Sep-05-2015,1,1,1,1,1,2,1,1,0,1,1,1,1,1,1,1,1,1,1,1,1,1,1,1,1,1,1,1,1,1,1,0,1,1,1,1,1,1,1,1,6,1,1,1,1,1,1,1,0,1,1,1,1,1
Sep-12-2015,1,3,1,1,1,2,1,1,0,1,1,1,0,1,1,0,1,1,1,1,1,1,1,1,1,1,1,1,1,1,1,1,1,1,1,1,1,1,1,1,2,1,1,1,1,1,1,1,0,1,1,1,1,1
Sep-19-2015,1,1,1,1,1,2,1,1,0,1,1,1,1,1,1,0,1,1,1,1,1,1,1,1,1,1,1,1,1,1,1,1,1,1,1,1,1,1,1,1,3,1,1,0,1,1,1,1,0,1,1,1,1,1
Sep-26-2015,1,1,1,1,1,2,1,1,0,1,1,1,1,1,1,0,1,1,1,1,1,1,1,1,1,1,1,1,1,1,1,1,1,1,1,1,1,1,1,1,4,1,1,0,1,2,1,1,0,1,1,1,1,1
Oct-03-2015,1,1,1,1,1,2,1,1,0,1,2,1,1,1,1,1,1,1,1,1,1,1,1,1,1,1,1,1,1,1,1,1,0,1,1,1,1,1,1,1,5,1,1,0,1,3,1,1,0,1,2,1,1,1
Oct-10-2015,1,1,1,1,1,1,1,1,0,1,3,1,1,1,1,1,1,1,1,1,1,1,1,1,1,1,1,1,1,1,1,1,1,1,1,1,1,1,1,1,1,1,1,1,1,1,1,1,0,1,1,1,1,1
Oct-17-2015,1,1,2,1,1,2,1,1,0,1,2,1,1,2,1,1,1,1,1,1,1,1,1,1,1,1,1,1,1,1,1,1,1,1,1,1,1,1,1,1,1,1,1,1,1,1,1,1,0,2,1,1,1,1
Oct-24-2015,1,1,2,1,1,2,1,1,0,1,2,1,1,2,1,1,1,1,2,1,1,1,1,1,1,2,1,1,1,1,1,1,1,1,1,1,1,1,1,1,3,1,2,1,1,1,1,1,0,3,1,1,1,1
Oct-31-2015,1,1,3,1,1,2,1,1,0,1,1,1,1,2,1,1,1,1,1,1,1,1,1,1,1,1,1,1,1,1,1,1,1,1,1,1,1,1,1,1,1,1,4,1,1,1,1,1,0,2,1,1,1,1
Nov-07-2015,1,1,3,1,1,1,1,1,0,1,2,1,1,2,1,1,1,1,1,1,1,1,1,1,1,2,1,1,1,1,1,1,1,1,1,1,1,1,1,1,5,1,3,1,1,1,2,1,0,2,1,1,1,1
Nov-14-2015,1,1,3,1,1,1,1,1,0,1,2,1,1,2,1,1,1,1,2,1,1,1,1,1,2,2,1,1,1,1,1,1,1,1,1,1,1,4,2,1,2,1,4,1,1,2,2,1,0,2,1,1,1,1
Nov-21-2015,1,1,3,1,1,2,1,1,0,1,2,1,1,2,1,1,1,1,2,1,1,1,1,1,3,1,1,1,1,1,1,1,1,2,1,1,1,2,1,1,1,1,4,1,1,2,2,1,0,3,1,1,1,1
Nov-28-2015,3,1,3,1,1,2,1,1,0,1,3,1,1,2,1,1,1,1,3,1,3,1,1,2,4,2,1,1,1,1,1,3,1,3,1,1,1,6,2,1,2,1,4,1,1,3,3,1,0,4,1,1,1,1
Dec-05-2015,1,1,4,1,1,1,1,1,0,1,2,1,1,3,1,1,1,1,2,1,2,1,1,1,4,1,1,1,1,1,1,1,1,3,1,1,1,3,1,1,2,1,4,1,1,3,1,1,0,3,1,1,1,1
Dec-12-2015,1,1,4,1,1,2,1,1,0,1,2,1,1,3,1,1,1,1,2,1,2,1,1,3,3,1,1,1,2,1,1,1,1,3,1,1,1,3,1,2,4,1,2,1,1,3,1,1,0,4,1,1,1,1
Dec-19-2015,2,1,4,1,1,2,2,1,0,1,4,1,1,3,1,1,1,1,2,1,2,1,1,2,3,2,1,1,2,1,1,2,1,4,1,1,1,1,1,2,4,1,2,1,1,4,2,1,0,4,1,1,1,1
Dec-26-2015,2,1,6,1,1,2,1,1,0,1,6,1,1,4,2,1,1,1,4,1,4,3,1,5,4,2,1,1,2,1,1,2,1,5,3,1,1,4,1,3,4,1,2,1,1,5,3,1,0,6,1,1,1,1
Jan-02-2016,1,1,5,1,3,4,2,1,0,1,4,1,1,4,3,1,1,1,3,1,5,3,1,2,3,2,1,1,3,1,1,2,1,6,2,1,1,5,1,4,5,1,2,1,1,6,3,1,0,5,1,1,1,1
Jan-09-2016,1,1,5,1,1,3,4,1,0,1,3,1,2,3,1,1,1,1,2,1,4,2,1,1,2,2,1,1,3,1,1,1,1,4,1,1,1,2,1,3,3,1,2,1,1,4,2,1,0,4,1,1,1,1
Jan-16-2016,1,1,5,1,1,3,4,1,0,1,3,1,1,4,1,1,1,1,3,1,6,2,1,1,1,1,1,1,2,1,1,2,1,3,1,1,1,3,1,2,4,1,2,1,1,3,3,1,0,4,1,1,1,1
Jan-23-2016,2,1,6,1,2,3,4,1,0,2,3,1,1,4,1,1,1,1,3,1,5,2,1,1,2,2,1,1,3,1,1,3,1,3,1,1,1,5,2,2,6,1,2,1,2,3,3,1,0,4,1,1,1,1
Jan-30-2016,2,1,7,2,2,2,6,1,0,4,3,3,3,4,1,1,1,1,3,1,3,3,1,1,3,1,1,1,2,1,2,3,1,4,1,1,1,5,3,3,10,1,1,1,1,5,5,1,0,3,1,1,1,1
Feb-06-2016,2,1,9,2,4,3,6,1,0,4,3,2,4,5,1,1,2,1,3,1,1,3,1,1,2,1,1,1,3,1,1,4,1,5,1,1,1,5,3,3,10,2,3,2,2,5,5,1,0,3,1,1,1,1
Feb-13-2016,2,1,10,3,6,3,8,1,0,5,3,6,2,6,1,1,2,2,4,1,4,3,1,1,3,3,1,1,5,1,4,7,4,6,3,1,1,8,2,3,10,2,4,5,2,7,6,1,0,3,2,1,1,2
Feb-20-2016,4,1,10,4,7,4,7,1,0,7,5,5,4,8,2,2,4,3,4,1,10,3,1,3,4,3,1,1,6,1,5,8,1,6,6,1,1,5,5,3,10,3,5,3,6,8,8,2,0,4,4,1,1,2
Feb-27-2016,6,1,10,5,5,4,8,1,0,7,6,8,2,8,4,2,4,5,5,1,6,3,2,2,7,3,1,1,6,1,4,9,4,7,9,1,2,6,4,5,10,3,7,3,7,7,9,1,0,5,3,3,2,2
Mar-05-2016,8,1,10,10,5,5,7,1,0,5,6,7,3,9,7,3,6,5,6,1,5,4,3,5,9,5,1,1,7,1,7,10,5,7,8,1,2,4,4,6,8,3,7,2,7,7,7,1,0,7,2,3,3,4
Mar-12-2016,10,4,10,10,6,5,7,2,0,6,8,9,4,8,10,2,7,7,6,1,5,6,3,8,10,5,1,1,6,2,10,9,5,8,8,1,5,7,7,9,9,5,8,3,8,5,7,1,0,9,1,3,4,5
Mar-19-2016,7,7,8,9,4,4,4,1,0,4,5,9,5,6,5,1,4,6,4,2,3,5,2,4,6,4,3,1,7,2,10,10,6,7,8,3,2,4,6,6,7,4,5,1,4,5,7,3,0,8,1,1,2,8
Mar-26-2016,7,5,6,5,3,5,4,1,0,3,7,7,2,5,3,1,3,4,4,1,2,4,2,3,5,5,1,1,2,2,8,8,4,6,7,1,2,5,1,7,7,3,6,2,1,4,5,1,0,7,2,1,1,6
Apr-02-2016,9,6,6,6,2,4,5,1,0,3,6,6,2,4,2,2,3,4,3,2,1,4,1,1,4,5,1,1,2,2,5,7,2,5,5,2,1,1,4,5,2,3,4,1,3,4,5,1,0,6,1,3,2,4
Apr-09-2016,5,4,5,5,1,3,4,1,0,2,5,7,2,3,1,1,4,3,2,1,1,3,1,2,3,2,1,1,3,1,3,3,1,3,4,3,1,2,3,3,3,2,3,1,1,3,5,1,0,4,1,1,1,3
Apr-16-2016,3,2,6,7,1,3,4,1,0,1,4,3,1,2,1,1,3,3,2,1,1,3,1,2,4,2,1,1,2,1,5,1,2,3,3,1,1,3,1,3,3,1,4,1,1,4,3,1,0,5,1,2,1,1
Apr-23-2016,4,4,5,7,1,3,4,1,0,2,4,2,1,2,1,1,1,2,2,1,1,3,1,2,1,2,1,1,1,1,5,1,1,4,4,1,1,1,1,3,3,1,3,1,1,5,2,1,0,5,1,2,1,1
Apr-30-2016,2,1,4,2,1,2,2,1,0,1,3,1,1,1,1,1,1,1,1,2,1,2,1,1,1,1,1,1,1,1,2,1,1,3,2,1,1,1,1,3,3,2,3,1,3,3,2,1,0,5,1,3,1,1
May-07-2016,1,1,3,5,1,2,3,1,0,1,3,1,2,1,1,1,1,1,1,1,1,2,1,1,1,1,1,1,1,1,1,1,1,1,2,1,1,1,1,2,5,1,2,1,2,2,1,1,0,4,1,1,1,1
May-14-2016,1,1,3,2,1,2,1,1,0,1,3,1,1,1,1,1,1,1,1,1,1,1,1,1,1,1,1,1,1,1,1,1,1,1,1,1,1,1,1,1,5,1,1,1,1,1,1,1,0,3,1,1,1,1
May-21-2016,1,3,3,1,1,1,1,1,0,1,4,1,1,1,1,1,1,1,1,1,1,1,1,1,1,1,1,1,1,1,1,1,1,1,1,1,1,1,1,1,3,1,1,1,1,1,1,1,0,2,1,1,1,1
May-28-2016,1,1,2,1,1,1,1,1,0,1,4,1,1,1,1,1,1,1,1,1,1,1,1,1,1,1,1,1,1,1,1,1,1,2,1,1,1,1,1,1,7,1,1,1,2,1,1,1,0,2,1,1,1,1
Jun-04-2016,1,1,2,1,1,1,1,1,0,1,3,1,0,1,1,1,1,1,1,1,2,1,1,1,1,1,1,1,1,1,1,1,1,1,1,1,1,1,1,1,2,1,1,1,2,1,1,1,0,2,1,1,1,1
Jun-11-2016,1,1,2,1,1,1,1,1,0,1,2,1,0,1,1,1,1,1,1,1,1,1,1,1,1,1,1,1,1,1,1,1,1,1,1,1,1,1,1,1,3,1,1,1,2,1,1,1,0,1,1,1,1,1
Jun-18-2016,1,1,2,1,1,1,1,1,0,1,2,1,1,1,1,1,1,1,1,1,1,1,1,1,1,1,1,1,1,1,1,1,1,1,1,1,1,1,1,1,2,1,1,1,2,1,1,1,0,1,1,1,1,1
Jun-25-2016,1,1,1,1,1,1,1,1,0,1,1,1,0,1,1,1,1,1,1,1,1,1,1,1,1,1,1,1,1,1,1,1,1,1,1,1,1,1,1,1,2,1,1,1,1,1,1,1,0,1,1,1,1,1
Jul-02-2016,1,1,1,1,1,1,1,1,0,1,1,1,0,1,1,1,1,1,1,1,1,1,1,1,1,1,1,1,1,1,1,1,1,1,1,1,1,1,1,1,5,1,1,1,1,1,1,1,0,1,1,1,1,1
Jul-09-2016,1,1,1,1,1,1,1,1,0,1,1,1,0,1,1,1,1,1,1,1,1,1,1,1,1,1,1,1,1,1,1,1,1,1,1,1,1,1,1,1,2,1,1,1,1,1,1,1,0,1,1,1,1,1
Jul-16-2016,1,1,1,1,1,1,1,1,0,1,1,1,0,1,1,1,1,1,1,1,1,1,1,1,1,1,1,1,1,1,1,1,1,1,1,1,1,1,1,1,1,1,1,1,1,1,1,1,0,1,1,1,1,1
Jul-23-2016,1,1,1,1,1,1,1,1,0,1,1,1,0,1,1,1,1,1,1,1,1,1,1,1,1,1,1,1,1,1,1,1,1,1,1,1,1,1,1,1,4,1,1,1,1,1,1,1,0,1,1,1,1,1
Jul-30-2016,1,1,1,1,1,1,1,1,0,1,1,1,0,1,1,1,1,1,1,1,1,1,1,1,1,1,1,1,1,1,1,1,1,1,1,1,1,1,0,1,2,1,1,1,1,1,1,1,0,1,1,1,1,1
Aug-06-2016,1,1,1,1,1,1,1,1,0,1,1,1,0,1,1,1,1,1,1,1,1,1,1,1,1,1,1,1,1,1,1,1,1,1,1,1,1,1,1,1,1,1,1,1,1,1,1,1,0,1,1,1,1,1
Aug-13-2016,1,1,1,1,1,1,1,1,0,1,2,1,0,1,1,1,1,1,1,1,1,1,1,1,1,1,1,1,1,1,1,1,1,1,1,1,1,1,1,1,1,1,1,1,1,1,1,1,0,1,1,1,1,1
Aug-20-2016,1,1,1,1,1,1,1,1,0,1,3,1,0,1,1,1,1,1,1,1,1,1,1,1,1,1,1,1,1,1,1,1,1,1,1,0,1,1,1,1,1,1,1,1,1,1,1,1,0,1,1,1,1,1
Aug-27-2016,1,1,1,1,1,1,1,1,0,1,4,1,0,1,1,1,1,1,1,1,1,1,1,1,1,1,1,1,1,1,1,1,1,1,1,1,1,1,1,1,1,1,1,1,1,1,1,1,0,1,1,1,1,1
Sep-03-2016,1,1,1,1,1,4,1,1,0,1,4,1,0,1,1,1,1,1,1,1,1,1,1,1,1,1,0,1,1,1,1,1,1,1,1,1,1,1,0,1,2,1,1,1,1,1,1,1,0,1,1,1,1,1
Sep-10-2016,1,1,1,1,1,2,1,1,0,1,3,1,0,1,1,1,1,1,1,1,2,1,1,1,1,1,1,1,1,1,1,1,1,1,1,0,1,1,1,1,2,3,1,1,1,1,1,1,0,1,1,1,1,1
Sep-17-2016,1,1,1,2,1,3,1,1,0,1,3,1,0,1,1,1,1,1,1,1,1,1,1,1,1,1,1,1,1,1,1,1,1,1,1,0,1,1,1,1,1,2,1,1,1,1,1,1,0,1,1,1,1,1
Sep-24-2016,1,1,1,1,1,2,1,1,0,1,3,1,1,1,1,1,1,1,1,1,1,1,1,1,1,1,1,1,1,1,1,1,1,1,1,0,1,1,1,1,1,1,1,1,1,1,1,1,0,1,1,1,1,1
Oct-01-2016,1,1,1,1,1,2,1,1,0,1,3,1,1,1,1,1,1,4,1,1,1,1,1,1,1,1,1,1,1,1,1,1,1,1,2,0,1,1,1,1,2,1,1,1,1,1,1,1,0,2,1,1,1,1
Oct-08-2016,1,1,2,1,1,1,1,1,0,1,2,1,1,1,1,1,1,1,1,1,1,1,1,1,1,1,1,1,1,1,1,1,1,1,1,1,1,1,1,1,1,1,2,1,1,1,1,1,0,1,1,1,1,1
Oct-15-2016,1,2,1,1,1,3,1,1,0,1,3,1,1,1,1,1,1,1,1,1,1,1,1,1,1,1,1,1,1,1,1,1,1,1,1,1,1,1,1,1,2,1,1,1,1,1,1,1,0,2,1,1,1,1
Oct-22-2016,1,1,1,1,1,3,1,1,0,1,3,1,1,1,1,1,1,1,1,1,1,1,1,1,1,1,1,1,1,1,1,1,1,2,1,1,1,1,1,1,1,1,1,1,1,1,1,1,0,2,1,1,1,1
Oct-29-2016,1,1,1,1,1,2,1,1,0,1,3,1,1,1,1,1,1,2,1,1,1,1,1,1,2,1,1,1,1,1,2,1,1,2,1,1,1,2,1,1,4,1,2,1,1,1,1,1,0,2,1,1,1,1
Nov-05-2016,2,1,1,1,1,1,1,1,0,1,4,1,1,1,1,1,1,1,1,1,1,1,1,1,3,1,1,1,1,1,2,1,1,2,1,1,1,1,1,1,4,1,3,1,1,1,1,1,0,3,1,1,1,1
Nov-12-2016,1,1,1,1,1,1,1,1,0,1,5,1,1,2,1,1,1,1,2,1,1,1,1,1,3,1,1,1,2,1,2,1,1,3,1,1,1,2,1,1,9,1,1,1,1,1,1,1,0,3,1,1,1,1
Nov-19-2016,2,1,2,2,2,2,1,1,0,2,5,1,1,2,1,1,1,2,2,1,1,1,1,1,2,1,1,1,1,1,2,1,1,3,1,1,1,4,1,1,10,1,1,1,1,1,1,1,0,3,1,1,1,1
Nov-26-2016,2,1,2,1,3,2,1,1,0,2,6,1,1,2,1,1,2,1,3,1,1,1,1,1,5,1,1,1,2,1,3,1,1,4,1,1,1,3,1,1,10,1,3,1,4,1,1,1,0,4,1,1,1,1
Dec-03-2016,2,1,2,1,2,4,1,1,0,1,5,1,1,2,1,1,1,3,3,1,1,1,1,1,3,2,1,1,2,1,2,1,1,4,1,1,1,3,1,1,10,1,3,1,1,1,1,1,0,3,1,1,1,1
Dec-10-2016,2,1,3,1,2,3,1,1,0,1,6,2,1,2,1,1,1,1,3,1,1,1,2,1,3,1,1,1,4,1,3,1,1,5,1,1,1,4,1,1,10,1,1,1,2,1,1,1,0,3,1,1,1,1
Dec-17-2016,5,1,4,2,3,4,1,1,0,2,6,3,2,3,1,1,1,2,4,1,1,1,1,1,4,2,1,1,3,1,5,1,1,6,2,1,1,9,2,2,10,1,4,1,1,1,2,1,0,4,2,1,1,1
Dec-24-2016,8,2,5,1,5,5,1,1,0,2,9,1,1,3,1,1,3,6,6,1,1,2,2,1,8,3,1,1,4,1,6,2,1,8,3,2,1,7,3,2,10,1,1,1,3,1,7,1,0,5,4,1,2,2
Dec-31-2016,10,3,5,2,7,1,1,1,0,2,10,2,4,5,5,1,3,8,7,1,1,3,3,1,7,8,1,1,4,1,10,2,7,10,3,1,1,10,10,5,10,1,8,1,5,1,8,1,0,7,6,2,2,1
Jan-07-2017,7,1,5,2,6,5,1,1,0,2,8,3,3,5,3,1,4,3,6,1,1,2,3,1,4,9,1,1,4,1,10,2,7,8,2,4,1,10,10,4,10,2,9,2,5,1,7,1,0,6,4,1,1,2
Jan-14-2017,6,5,4,3,5,4,1,1,0,3,7,4,5,5,2,1,6,6,5,1,1,2,2,1,4,7,1,2,4,1,9,2,10,8,2,1,1,10,2,4,6,2,7,3,7,4,6,1,0,7,4,1,1,7
Jan-21-2017,10,4,5,6,5,6,1,1,0,5,10,3,6,5,3,3,10,9,7,1,3,3,3,5,6,8,1,6,3,1,10,4,10,9,4,1,2,10,4,7,5,2,10,5,7,5,6,1,0,6,9,4,2,5
Jan-28-2017,10,3,4,8,6,5,4,1,0,5,10,6,3,6,7,6,10,10,7,1,3,3,4,5,5,10,1,5,3,1,10,5,10,8,5,7,3,10,5,8,7,5,10,7,8,8,4,1,0,7,5,3,3,6
Feb-04-2017,10,5,5,10,6,6,7,1,0,5,10,4,3,7,10,5,10,10,10,1,4,5,6,5,10,10,1,6,4,1,10,8,10,8,10,6,5,10,5,10,6,7,10,10,10,10,3,1,0,8,3,4,5,10
Feb-11-2017,10,7,5,10,5,5,10,1,0,5,10,4,3,9,10,8,10,10,10,1,9,6,7,8,10,10,1,9,4,2,10,10,10,8,10,9,6,10,6,10,6,10,10,10,10,10,3,1,0,10,1,4,6,8
Feb-18-2017,10,8,5,10,4,1,10,1,0,5,10,4,4,10,10,6,10,10,10,1,10,5,10,8,10,10,1,4,3,3,10,10,10,6,10,6,6,10,5,10,3,10,10,10,10,10,2,1,0,10,1,6,4,6
Feb-25-2017,10,7,5,10,4,3,9,1,0,5,10,4,2,10,10,4,10,10,10,1,10,6,9,8,10,10,1,3,2,4,8,10,10,5,10,5,8,10,4,9,2,10,10,8,10,10,3,1,0,10,1,5,5,3
Mar-04-2017,10,7,5,10,3,4,6,1,0,4,10,3,1,7,7,1,10,10,9,1,5,3,6,4,10,6,1,1,2,2,6,7,2,3,10,6,4,10,4,5,1,8,10,5,10,10,1,1,0,9,1,5,2,2
Mar-11-2017,10,3,5,10,3,4,4,1,0,4,10,5,2,7,10,1,9,10,8,1,6,3,7,5,10,7,1,1,2,2,5,6,3,3,10,6,3,10,2,4,1,7,10,5,10,10,1,1,0,8,1,4,3,4
Mar-18-2017,10,5,4,7,4,3,1,1,0,2,10,2,1,6,10,1,9,10,7,2,6,3,6,4,8,4,1,3,2,3,3,6,4,3,5,3,3,10,3,5,1,5,10,5,7,6,1,1,0,8,1,5,3,2
Mar-25-2017,10,5,4,8,3,5,1,1,0,3,10,2,1,6,7,1,8,10,6,3,5,4,6,3,6,3,1,1,1,2,3,3,4,3,10,2,3,10,1,3,1,7,10,3,10,3,1,1,0,8,1,4,1,3
Apr-01-2017,9,8,4,5,2,3,1,1,0,2,10,1,1,4,5,1,4,10,5,1,6,4,5,4,4,3,1,1,1,1,5,2,7,4,7,3,2,6,1,5,1,8,10,3,9,1,1,1,0,8,1,3,1,2
Apr-08-2017,4,7,4,3,2,4,2,1,0,2,6,2,1,3,4,1,3,10,4,2,2,4,2,4,3,2,1,1,1,4,4,1,7,4,4,1,1,6,1,2,1,7,10,3,6,1,1,1,0,5,1,1,1,1
Apr-15-2017,3,6,3,3,2,2,1,1,0,1,4,1,1,1,1,1,1,4,3,2,1,3,1,3,4,1,1,1,1,1,3,2,3,4,3,1,1,2,1,2,2,6,7,2,3,1,1,1,0,3,1,1,1,1
Apr-22-2017,2,5,3,1,2,3,1,1,0,1,3,1,1,1,1,1,1,2,3,1,1,2,1,3,2,1,1,1,1,2,1,1,1,2,1,1,1,1,1,1,2,2,3,1,4,1,1,1,0,1,1,1,1,1
Apr-29-2017,1,3,5,1,2,4,1,1,0,1,2,1,1,1,1,1,1,1,2,1,1,1,1,2,1,1,1,1,1,1,1,1,1,1,1,1,1,1,1,1,2,1,4,1,2,1,1,1,0,1,1,1,2,1
May-06-2017,1,5,4,2,1,3,1,1,0,1,2,2,1,1,1,1,1,1,1,1,1,1,1,1,1,1,1,1,1,1,1,1,1,1,1,1,1,1,1,1,1,1,1,1,1,1,1,1,0,1,1,1,1,1
May-13-2017,1,2,3,1,1,1,1,1,0,1,2,1,1,1,1,1,1,1,2,1,1,1,1,1,1,1,1,1,1,1,1,1,1,2,1,1,1,1,1,1,1,1,1,1,1,1,1,1,0,1,1,1,1,1
May-20-2017,2,2,4,1,1,3,1,1,0,1,2,1,1,1,1,1,1,1,2,1,1,1,1,1,1,1,1,1,1,1,1,1,1,2,1,1,1,1,1,1,1,1,1,1,1,1,1,1,0,1,1,1,1,1
May-27-2017,1,1,4,2,1,0,1,1,0,1,2,1,1,1,1,1,1,1,2,1,1,1,1,1,1,1,1,1,1,1,1,1,1,1,1,1,1,1,1,1,1,1,1,1,1,1,1,1,0,1,1,1,1,1
Jun-03-2017,1,1,3,1,1,1,1,1,0,1,1,1,0,1,1,1,1,1,1,1,1,1,1,1,1,1,1,1,1,1,1,1,1,2,1,1,1,1,1,1,1,1,1,1,1,1,1,1,0,1,1,1,1,1
Jun-10-2017,1,1,2,1,2,1,1,1,0,1,1,1,0,1,1,1,1,1,1,1,1,1,1,1,1,1,1,1,1,1,1,1,1,2,1,0,1,1,1,1,1,1,1,1,1,1,1,1,0,1,1,1,1,1
Jun-17-2017,1,1,2,1,1,1,1,1,0,1,1,1,0,1,1,1,1,1,1,1,1,1,1,1,1,1,1,1,1,1,1,1,1,1,1,0,1,1,1,1,1,1,1,1,1,1,1,1,0,1,1,1,1,1
Jun-24-2017,1,4,1,1,1,2,0,1,0,1,1,1,0,1,1,1,1,1,1,1,1,1,1,1,1,1,1,1,1,1,1,1,1,1,1,0,1,1,1,1,1,1,1,1,1,1,1,1,0,1,1,1,1,1
Jul-01-2017,1,1,1,1,1,1,1,1,0,1,1,1,0,1,1,1,1,1,1,1,1,1,1,1,1,1,1,1,1,1,1,1,1,1,1,0,1,1,1,1,1,1,1,1,1,1,1,1,0,1,1,1,1,1
Jul-08-2017,1,1,1,1,1,1,0,1,0,1,1,1,0,1,1,1,1,1,1,1,1,1,1,1,1,1,1,1,1,1,1,1,1,1,1,0,1,1,1,1,1,1,1,1,1,1,1,1,0,1,1,1,1,1
Jul-15-2017,1,1,1,1,1,0,0,1,0,1,1,1,0,1,1,1,1,1,1,1,1,1,1,1,1,1,1,1,1,1,1,1,1,1,1,0,1,1,1,1,1,1,1,1,1,1,1,1,0,1,1,1,1,1
Jul-22-2017,1,1,1,1,1,1,0,1,0,1,1,1,0,1,1,1,1,1,1,1,1,1,1,1,1,1,1,1,1,1,1,1,1,1,1,0,1,1,1,1,1,1,1,1,1,1,1,1,0,1,1,1,1,1
Jul-29-2017,1,1,1,1,1,1,0,1,0,1,1,1,0,1,1,1,1,1,1,1,1,1,1,1,1,1,1,1,1,1,1,1,1,1,1,1,1,1,1,1,1,1,1,1,1,1,1,1,0,1,1,1,1,1
Aug-05-2017,1,2,1,1,1,1,0,1,0,1,1,1,0,1,1,1,1,1,1,1,1,1,1,1,1,1,1,1,1,1,1,1,1,1,1,0,1,1,1,1,1,1,1,1,1,1,1,1,0,1,1,1,1,1
Aug-12-2017,1,1,1,1,1,1,0,1,0,1,1,1,0,1,1,1,1,1,1,1,1,1,1,1,1,1,1,1,1,1,1,1,1,1,1,0,1,1,1,1,1,1,1,1,1,1,1,1,0,1,1,1,1,1
Aug-19-2017,1,1,2,1,1,1,0,1,0,1,1,1,0,1,1,1,1,1,1,1,1,1,1,1,1,1,1,1,1,1,1,1,1,1,1,0,1,1,1,1,1,1,1,1,1,1,1,1,0,1,1,1,1,1
Aug-26-2017,1,1,4,1,1,1,0,1,0,1,2,1,0,1,1,1,1,1,1,1,1,1,1,1,3,1,1,1,1,1,1,1,1,1,1,0,1,1,1,1,1,1,1,1,1,1,1,1,0,1,1,1,1,1
Sep-02-2017,1,1,3,1,1,2,0,1,0,2,2,1,0,1,1,1,1,1,2,1,1,1,1,1,4,1,1,1,1,1,1,1,1,1,1,0,1,1,1,1,1,1,1,1,1,1,1,1,0,1,1,1,1,1
Sep-09-2017,1,3,2,1,1,3,0,1,0,2,2,1,0,1,1,1,1,1,2,1,1,1,1,1,1,1,1,1,1,1,1,1,1,1,1,0,1,1,1,1,2,1,1,1,1,1,1,1,0,1,1,1,1,1
Sep-16-2017,1,4,2,1,2,1,0,1,0,1,2,1,0,1,1,1,1,1,2,1,1,1,1,1,1,1,1,1,1,1,1,1,1,1,1,0,1,1,1,1,1,1,1,1,1,1,1,1,0,1,1,1,1,1
Sep-23-2017,1,4,1,1,2,1,0,1,0,1,2,1,0,1,1,1,1,1,2,1,1,1,1,1,1,1,1,1,1,1,1,1,1,1,1,0,1,1,1,1,1,1,1,1,1,1,1,1,0,1,1,1,1,1
Sep-30-2017,1,3,1,1,2,1,1,1,0,1,3,1,0,1,1,1,1,1,2,1,1,1,1,1,1,1,1,1,1,1,1,1,1,1,1,0,1,1,1,1,1,1,1,1,1,1,1,1,0,1,1,1,1,1
Oct-07-2017,2,1,2,1,2,1,1,1,2,1,2,1,1,1,1,1,1,1,3,1,1,1,1,1,2,1,1,1,1,1,1,1,1,1,1,1,1,1,1,1,1,1,2,1,1,1,1,1,0,1,1,1,1,1
Oct-14-2017,2,2,2,1,1,1,1,1,2,1,3,1,1,1,1,1,1,1,3,1,1,1,1,1,1,1,1,1,1,1,1,1,1,1,1,1,1,1,1,1,1,1,1,2,1,1,1,1,0,1,1,1,1,3
Oct-21-2017,2,4,1,1,1,1,1,1,2,1,3,1,1,1,1,1,1,1,4,1,1,1,1,1,1,1,1,2,1,1,1,1,1,2,1,1,1,1,1,1,1,1,2,2,1,1,1,1,0,2,1,1,1,1
Oct-28-2017,3,3,2,1,1,1,1,1,2,1,4,1,1,1,1,1,1,1,5,1,1,1,1,1,3,1,1,2,1,1,1,1,1,2,1,1,1,1,1,1,1,1,5,3,1,1,1,1,0,2,1,1,1,3
Nov-04-2017,4,2,3,1,2,2,1,1,2,1,4,1,1,1,2,1,1,1,7,1,1,2,1,1,4,1,1,2,2,1,2,1,1,2,1,1,1,2,2,2,3,1,6,3,1,3,1,1,0,2,1,1,1,3
Nov-11-2017,4,2,3,1,2,2,1,1,3,2,5,3,1,1,1,1,1,1,8,1,1,2,2,1,8,1,1,3,2,1,2,2,1,2,1,1,1,3,2,2,3,1,6,4,1,3,1,1,0,3,1,1,1,2
Nov-18-2017,5,4,3,3,2,2,1,1,3,1,6,2,1,1,1,1,1,3,9,1,1,2,2,1,10,1,1,3,2,1,2,3,1,4,2,1,1,3,2,2,6,1,6,6,1,5,1,1,1,3,1,1,1,1
Nov-25-2017,5,4,3,1,3,3,1,1,3,1,7,3,1,1,1,1,2,2,10,1,1,3,3,1,10,1,1,5,2,1,3,3,1,3,3,1,1,4,3,2,4,1,10,4,1,5,1,1,1,4,1,3,1,1
Dec-02-2017,5,5,6,4,2,3,2,1,4,1,6,5,2,3,3,1,1,3,10,1,1,3,2,1,10,1,1,3,2,1,3,1,1,2,1,1,1,4,3,2,6,1,10,4,1,7,1,1,0,4,1,1,1,2
Dec-09-2017,7,6,6,8,4,4,2,1,4,1,7,4,1,3,4,1,3,6,10,1,1,3,3,2,10,3,1,3,3,1,3,3,1,4,2,1,1,4,4,2,4,3,10,4,1,9,1,1,0,4,1,1,2,3
Dec-16-2017,10,5,10,10,7,5,3,1,4,2,7,3,1,6,3,1,7,10,10,1,1,4,4,2,10,5,1,6,6,1,4,5,2,5,1,1,1,10,5,3,7,2,10,4,2,10,1,2,1,5,1,5,1,3
Dec-23-2017,10,6,10,10,10,6,3,1,3,4,10,6,3,10,9,2,10,10,10,1,2,5,5,4,10,10,1,8,7,1,5,7,5,6,1,5,2,10,9,3,8,3,10,5,8,10,1,1,0,6,1,9,4,5
Dec-30-2017,10,7,10,10,10,7,4,1,5,5,10,6,1,10,10,7,10,10,10,1,7,8,7,5,10,10,1,10,9,1,8,10,4,8,6,2,6,10,10,6,7,2,10,8,7,10,4,1,0,9,10,10,5,10
Jan-06-2018,10,6,10,10,10,8,4,1,5,5,10,5,5,10,10,3,10,10,10,1,5,7,6,7,10,10,1,10,9,3,9,10,7,8,4,2,5,10,10,6,7,5,10,6,10,10,3,3,1,10,10,10,7,10
Jan-13-2018,10,6,10,10,10,7,5,1,5,9,10,7,7,10,10,4,10,10,10,1,6,5,9,10,10,10,2,6,7,3,8,10,10,8,9,6,6,10,10,7,10,7,10,7,10,10,4,3,0,10,9,10,8,10
Jan-20-2018,10,6,10,10,8,7,9,2,7,10,10,7,6,10,10,6,10,10,10,1,10,8,10,10,10,10,2,9,6,7,10,10,10,10,10,4,8,10,10,10,8,10,10,10,10,10,5,5,2,10,8,10,7,10
Jan-27-2018,10,8,10,10,8,8,10,5,10,10,10,8,5,10,10,9,10,10,10,1,10,10,10,10,10,10,1,10,6,9,10,10,10,10,10,4,8,10,10,10,9,10,10,10,10,10,3,7,3,10,9,10,9,10
Feb-03-2018,10,10,10,10,9,10,10,8,10,10,10,6,6,10,10,8,10,10,10,1,10,10,10,10,10,10,2,10,8,10,10,10,10,10,10,4,9,10,10,10,10,10,10,10,10,10,4,8,1,10,7,10,10,10
Feb-10-2018,10,10,10,10,8,9,10,10,10,10,10,5,5,10,10,8,10,10,10,2,10,10,10,10,10,10,1,10,8,10,10,10,10,10,10,6,10,10,9,10,10,10,10,10,10,10,6,10,1,10,5,10,10,10
Feb-17-2018,10,10,10,10,8,8,10,10,10,6,10,5,4,10,10,5,10,10,10,2,9,10,9,10,10,10,1,10,7,10,10,10,10,10,10,3,8,10,8,10,10,10,10,10,10,10,7,8,1,10,4,10,8,10
Feb-24-2018,10,10,10,10,7,8,10,6,8,4,10,4,5,9,8,4,10,10,9,2,8,10,7,10,10,10,2,10,5,9,10,10,10,10,10,4,6,10,7,10,7,10,10,10,4,10,7,7,1,10,4,5,7,10
Mar-03-2018,7,10,9,9,7,6,9,3,4,2,9,4,2,5,9,2,10,10,6,1,5,8,6,9,6,8,2,10,4,9,10,10,9,8,6,3,1,6,6,9,4,7,10,9,1,10,3,7,1,10,3,5,6,10
Mar-10-2018,5,10,8,5,7,5,5,1,3,2,8,6,1,4,6,3,10,10,5,1,3,6,4,9,4,6,1,10,3,4,8,8,6,5,4,1,1,4,4,6,6,5,9,8,1,5,4,6,1,9,2,3,6,10
Mar-17-2018,4,10,8,4,6,4,3,2,4,2,7,5,1,4,4,3,6,7,4,1,1,5,2,6,4,2,1,10,4,1,6,7,5,4,4,1,1,2,5,6,4,7,9,7,1,2,3,2,1,9,3,2,3,10
Mar-24-2018,4,10,7,1,5,3,5,2,4,1,5,3,2,4,7,1,5,7,3,1,1,4,3,4,3,6,1,6,2,1,4,6,2,4,3,1,1,3,5,5,4,5,7,6,1,1,2,4,1,8,3,3,2,8
Mar-31-2018,3,10,6,1,4,2,6,1,2,1,5,2,1,3,5,2,4,7,2,1,1,4,4,3,1,1,1,6,2,1,4,4,2,4,4,1,1,1,4,5,3,3,6,5,1,1,1,5,1,8,2,4,1,5
Apr-07-2018,2,10,5,1,3,2,3,1,2,1,4,4,1,2,4,1,2,6,2,1,1,4,3,1,1,1,1,5,1,1,3,3,1,3,3,1,1,1,3,4,3,3,5,3,1,1,2,4,1,6,1,4,1,2
Apr-14-2018,1,7,5,1,2,1,2,1,1,1,4,1,1,1,4,1,2,4,2,1,1,4,2,2,2,1,1,2,2,1,2,2,1,2,1,1,1,1,2,3,1,4,3,5,1,1,1,3,1,4,1,3,2,1
Apr-21-2018,1,7,4,1,2,1,2,1,1,1,3,1,1,1,3,1,1,3,2,1,1,3,1,2,1,1,1,1,1,1,1,2,1,2,1,1,1,1,2,2,1,2,2,1,1,1,1,4,1,3,1,1,2,1
Apr-28-2018,1,4,4,1,2,2,2,1,1,1,2,2,1,1,1,1,1,2,2,1,1,2,1,1,1,1,1,2,1,1,1,2,1,2,1,1,1,1,1,2,1,1,1,2,1,1,1,4,1,3,1,1,1,1
May-05-2018,1,2,4,1,2,1,1,1,1,1,3,1,1,1,1,1,1,2,1,1,1,2,1,1,1,1,1,1,1,1,1,2,1,2,1,1,1,1,1,2,4,1,2,1,1,1,2,2,1,2,1,1,1,1
May-12-2018,1,2,3,1,2,1,1,1,1,1,2,1,1,1,1,1,1,2,2,1,1,2,1,1,1,1,1,1,1,1,1,2,1,1,1,1,1,1,1,1,1,1,1,1,1,1,1,2,0,1,1,1,1,1
May-19-2018,1,1,3,1,1,1,1,1,1,1,2,1,1,1,1,1,1,1,1,1,1,2,1,1,1,1,1,1,1,1,1,2,1,2,1,1,1,1,1,1,1,1,1,1,1,1,1,2,0,1,1,1,1,1
May-26-2018,1,1,3,1,1,1,1,1,1,1,2,1,1,1,1,1,2,1,1,1,1,2,1,1,1,1,1,1,1,1,1,1,1,2,1,1,1,1,1,1,2,1,1,1,1,1,1,1,0,1,1,1,1,1
Jun-02-2018,1,1,3,1,1,1,1,1,1,1,2,1,0,1,1,1,1,1,1,1,1,1,1,1,1,1,1,1,1,1,1,3,1,2,1,1,1,1,1,1,1,1,1,1,1,1,3,1,0,1,1,1,1,1
Jun-09-2018,1,1,1,1,1,1,1,1,1,1,1,1,0,1,1,1,1,1,1,1,1,1,1,1,1,1,1,1,1,1,1,3,1,1,1,1,1,1,1,1,1,1,1,1,1,1,1,2,0,1,1,1,1,1
Jun-16-2018,1,1,2,1,1,1,1,1,2,1,1,1,0,1,1,1,1,1,1,1,1,1,1,1,1,1,1,1,1,1,1,1,1,1,1,1,1,1,1,1,1,1,1,1,1,1,1,1,0,1,1,1,1,1
Jun-23-2018,1,1,2,1,1,1,1,1,1,1,1,1,0,1,1,1,1,1,1,1,1,1,1,1,1,1,1,1,1,1,1,1,1,1,1,1,1,1,1,1,1,1,1,1,1,1,1,1,0,1,1,1,1,1
Jun-30-2018,1,1,1,1,1,1,0,1,1,0,1,1,0,1,1,1,1,1,1,1,1,1,1,1,1,1,1,1,1,1,1,2,1,1,1,1,1,1,1,1,1,1,1,1,1,1,1,1,0,1,1,1,1,1
Jul-07-2018,1,1,2,1,1,1,0,1,1,1,1,1,0,1,1,1,1,1,1,1,1,1,1,1,1,1,1,1,1,1,1,2,1,1,1,1,1,1,1,1,1,1,1,1,1,1,1,1,0,1,1,1,1,1
Jul-14-2018,1,1,1,1,1,1,0,1,1,1,1,1,0,1,1,1,1,1,1,1,1,1,1,1,1,1,1,1,1,1,1,1,1,1,1,1,1,1,1,1,1,1,1,1,1,1,1,1,0,1,1,1,1,1
Jul-21-2018,1,1,1,1,1,1,0,1,1,1,1,1,0,1,1,1,1,1,1,1,1,1,1,1,1,1,1,1,1,1,1,1,1,1,1,1,1,1,1,1,1,1,1,1,1,1,1,1,0,1,1,1,1,1
Jul-28-2018,1,1,1,1,1,1,0,1,1,1,1,1,0,1,1,1,1,1,1,1,1,1,1,1,1,1,1,1,1,1,1,1,1,1,1,1,1,1,1,1,1,1,1,1,1,1,1,1,0,1,1,1,1,1
Aug-04-2018,1,1,1,1,1,1,0,1,1,1,1,1,0,1,1,1,1,1,1,1,1,1,1,1,1,1,1,1,1,1,1,1,1,1,1,1,1,1,1,1,1,1,1,1,1,1,1,1,0,1,1,1,1,1
Aug-11-2018,1,1,1,1,1,1,0,1,1,1,1,1,0,1,1,1,1,1,1,1,1,1,1,1,1,1,1,1,1,1,1,1,1,1,1,0,1,1,1,1,1,1,1,1,1,1,1,1,0,1,1,1,1,1
Aug-18-2018,1,1,2,1,1,1,0,1,1,1,1,1,0,1,1,1,1,1,1,1,1,1,1,1,1,1,1,1,1,1,1,2,1,1,1,1,1,1,1,1,1,1,1,1,1,1,1,1,0,1,1,1,1,1
Aug-25-2018,1,1,3,1,1,1,0,1,1,1,2,1,0,1,1,1,1,1,1,1,1,1,1,1,1,1,0,2,1,1,1,1,1,1,1,1,1,1,1,1,1,1,1,1,1,1,1,1,0,1,1,1,1,1
Sep-01-2018,1,1,3,1,1,1,0,1,1,1,2,1,0,1,1,1,1,1,1,1,1,1,1,1,1,1,0,2,1,1,1,2,1,1,1,0,1,1,1,1,1,1,1,1,1,1,1,2,0,1,1,1,1,1
Sep-08-2018,1,1,2,1,1,1,0,1,1,1,3,1,0,1,1,1,1,3,2,1,1,1,1,1,1,1,0,2,1,1,1,3,0,1,1,1,1,1,1,1,1,1,3,1,1,1,1,0,0,1,1,1,1,1
Sep-15-2018,1,1,2,1,1,1,0,1,1,1,2,1,0,1,1,1,1,1,1,1,1,1,1,1,1,1,0,1,1,1,1,3,0,1,1,1,1,1,1,1,1,1,4,1,1,1,1,2,0,1,1,1,1,1
Sep-22-2018,1,1,2,1,1,1,0,1,1,1,2,1,0,1,1,1,1,1,1,1,1,2,2,1,1,1,0,1,1,1,2,2,0,2,1,1,1,1,1,1,1,1,2,1,1,1,1,1,0,1,1,1,1,1
Sep-29-2018,1,1,3,2,1,1,1,1,1,1,3,1,1,1,1,1,1,2,2,1,1,2,2,1,1,1,0,1,1,1,3,2,1,2,1,1,1,1,1,1,2,1,2,1,1,1,1,3,0,1,1,1,1,1
Oct-06-2018,2,1,1,1,1,1,1,1,2,1,3,1,1,1,1,1,1,1,3,1,1,1,1,1,1,1,1,1,1,1,2,1,1,2,1,1,1,1,1,1,4,1,1,1,1,1,1,1,3,2,1,1,2,2
Oct-13-2018,2,1,1,1,1,2,1,1,2,1,3,1,1,1,1,1,1,1,3,1,1,1,1,1,1,1,1,1,1,1,2,1,1,2,1,1,1,1,1,1,4,1,1,1,1,1,1,1,1,2,1,1,2,1
Oct-20-2018,2,1,1,1,1,3,1,1,2,1,4,1,1,1,1,1,1,1,4,1,1,2,1,1,1,1,1,1,1,1,2,1,1,3,1,1,1,1,1,1,4,1,1,1,1,1,1,1,1,3,1,1,2,1
Oct-27-2018,3,1,1,1,1,2,1,1,1,1,5,1,1,1,1,1,1,1,5,2,1,1,1,1,1,1,1,1,1,1,3,1,1,4,2,1,1,2,1,3,2,1,3,1,1,1,2,1,2,3,1,1,2,1
Nov-03-2018,4,1,2,2,1,3,1,1,2,1,6,1,1,1,1,1,1,1,5,1,2,1,1,3,2,2,1,1,1,1,3,1,1,3,2,1,1,3,1,2,1,1,3,1,1,2,1,1,2,3,1,1,2,1
Nov-10-2018,5,1,2,1,1,3,2,1,2,1,6,1,1,1,1,1,1,1,6,1,1,1,1,2,3,2,1,1,1,1,3,1,1,4,3,1,1,3,1,2,3,1,4,1,1,2,3,1,1,4,1,1,2,1
Nov-17-2018,5,2,3,3,2,4,2,1,3,1,7,1,2,2,1,1,2,3,8,1,1,1,1,2,4,1,1,1,1,1,4,1,1,4,3,1,1,6,2,2,4,1,4,1,1,3,3,1,1,4,1,1,2,1
Nov-24-2018,6,2,4,4,2,4,1,1,3,2,9,1,1,2,2,1,2,3,10,1,1,3,2,2,4,1,1,2,2,1,5,1,2,5,3,1,1,7,2,3,6,1,5,1,1,3,5,1,1,5,1,1,3,1
Dec-01-2018,6,1,4,2,3,6,2,1,3,1,8,1,1,2,2,1,2,2,9,1,1,2,1,3,4,2,1,1,2,1,4,2,2,4,3,1,1,3,2,3,3,1,6,1,1,3,4,1,1,5,1,1,3,1
Dec-08-2018,5,1,4,2,3,7,5,1,4,2,8,1,1,2,2,1,1,4,7,1,1,2,1,2,4,3,1,2,2,1,5,2,2,5,3,1,1,4,2,3,7,1,5,1,1,3,4,1,1,5,1,1,2,1
Dec-15-2018,8,2,6,5,4,10,3,1,4,2,10,1,1,2,3,1,3,6,7,1,1,3,2,4,4,4,1,3,3,1,7,4,4,6,4,1,1,5,3,4,7,1,7,1,2,5,4,1,1,6,1,2,3,2
Dec-22-2018,9,2,7,6,5,10,5,2,5,3,10,1,1,4,7,1,3,8,8,1,3,5,3,4,7,5,1,9,6,1,9,10,5,8,4,1,1,7,3,5,9,2,9,1,1,7,6,1,1,6,1,2,3,1
Dec-29-2018,10,3,9,7,6,10,6,1,5,5,10,1,3,7,9,4,7,10,10,2,4,8,4,6,10,7,3,10,8,2,10,10,7,10,7,3,4,10,4,7,5,6,10,1,5,10,10,6,2,8,2,2,4,5
Jan-05-2019,9,3,8,4,6,10,7,1,4,3,10,2,2,6,7,3,6,8,9,3,7,7,3,5,7,5,2,10,5,1,10,10,6,9,6,3,1,10,5,7,6,4,10,1,5,8,9,4,1,8,2,3,4,3
Jan-12-2019,7,1,8,2,5,10,7,1,4,2,8,3,3,4,6,2,6,10,7,3,4,6,2,8,5,3,2,10,6,8,10,10,5,7,5,1,1,9,3,5,2,7,7,1,1,7,7,6,3,7,2,4,4,3
Jan-19-2019,10,4,6,5,4,9,8,1,4,3,8,1,4,4,9,4,8,10,8,3,9,7,3,4,6,5,2,10,5,7,10,10,7,9,6,3,1,10,4,6,6,9,9,3,2,10,7,7,6,8,3,5,4,5
Jan-26-2019,10,10,6,10,4,9,8,1,4,4,9,5,5,4,8,4,7,10,10,5,7,8,3,5,9,6,3,10,5,5,10,10,8,9,9,2,2,10,4,7,6,10,10,4,6,10,9,9,3,10,4,7,4,8
Feb-02-2019,10,10,6,10,5,10,6,3,5,4,10,6,4,6,8,5,8,10,10,5,4,8,4,5,10,9,4,10,4,4,10,10,8,9,10,6,2,10,5,7,7,10,10,5,9,10,10,9,3,10,5,10,5,6
Feb-09-2019,10,2,8,10,5,10,6,5,6,5,10,4,8,4,10,4,10,10,10,6,9,9,3,4,10,10,7,10,5,5,10,10,9,9,10,4,3,10,6,7,7,10,10,4,10,10,10,6,2,10,3,7,3,7
